7000.56,8.47,20.7,16.06,42.2,8.75,254.9,215.9,-17.58,3.909,32.7182298,-117.1945133,217.7,8.42
7001.5968,8.54,20.8,16.08,42.7,8.73,255.4,215.9,-17.43,,32.7182042,-117.1945467,217.3,8.48
7002.6336,8.5,21,15.99,43.1,8.7,255.9,216,-17.13,3.909,32.718178,-117.1945793,216.3,8.55
7003.6704,8.47,21.5,15.88,44.1,8.66,256.9,215.9,-17.05,3.909,32.7181517,-117.1946135,216.7,8.47
7004.7072,8.52,21.3,15.82,44.1,8.54,257,215.9,-17.01,3.909,32.7181258,-117.1946473,216.4,8.46
7005.744,8.47,21,15.77,43.5,8.51,256.5,216,-17.15,3.909,32.718097,-117.1946848,216.7,8.43
7006.7808,8.48,20.8,15.84,43,8.54,256,216,-17.15,3.909,32.7180717,-117.1947207,216.7,8.51
7007.7312,8.55,20.8,15.95,42.9,8.59,256,216,-16.96,3.909,32.7180428,-117.1947577,216.2,8.45
7008.8544,8.52,20.8,15.96,42.9,8.63,256,216,-17.15,3.909,32.7180173,-117.1947923,216,8.58
7009.8048,8.55,20.9,16.01,43,8.66,256.1,216,-17.08,3.909,32.7179907,-117.1948258,216.2,8.51
7010.928,8.54,20.9,16,43,8.65,256.2,216.1,-17.09,3.909,32.7179645,-117.1948593,216.3,8.51
7011.8784,8.57,20.9,15.98,43.2,8.61,256.5,216.1,-17.01,3.909,32.7179367,-117.1948943,215.8,8.59
7012.9152,8.56,20.9,15.92,43.3,8.57,256.6,216.1,-17.05,3.909,32.7179068,-117.1949328,215.9,8.57
7013.952,8.72,20.7,16.03,43.3,8.52,256.7,216.1,-16.93,3.909,32.7178807,-117.1949675,217,8.59
7014.9888,8.57,21.1,15.75,44.1,8.42,257.5,216.2,-16.55,3.909,32.7178515,-117.1950058,217,8.68
7016.0256,8.55,21.2,15.59,44.6,8.3,258.1,216.2,-16.02,3.909,32.7178262,-117.19504,217.1,8.55
7017.0624,8.57,21.4,15.44,45.4,8.16,259,216.3,-15.57,3.909,32.7178015,-117.1950757,217.7,8.5
7018.0992,8.48,21.7,15.21,46,8.04,259.7,216.4,-14.75,3.909,32.7177762,-117.1951118,217.9,8.5
7019.0496,8.44,20.9,15.18,44.5,7.96,258.3,216.4,-14.09,3.908,32.7177485,-117.195151,217.8,8.33
7020.1728,8.42,20.8,15.08,44.5,7.88,258.3,216.4,-13.62,3.906,32.717722,-117.1951872,217.5,8.38
7021.2096,8.5,20.6,15.02,44.7,7.74,258.6,216.2,-12.81,3.906,32.7176955,-117.1952215,216.1,8.28
7022.16,8.28,20.8,14.85,44.4,7.75,258.3,216.3,-12.89,3.906,32.7176668,-117.195258,217.9,8.21
7023.1968,8.22,20.4,14.66,43.8,7.58,257.8,216,-12.57,3.906,32.7176393,-117.1952922,215.4,8.11
7024.2336,7.93,20.4,14.62,42.6,7.76,256.5,215.9,-12.58,3.905,32.7176137,-117.1953243,217,7.99
7025.2704,8.03,20,14.64,42.3,7.66,256.2,215.6,-12.38,3.905,32.7175877,-117.1953573,214.6,8.01
7026.3072,7.91,20.2,14.48,42.5,7.62,256.3,215.2,-12.38,3.905,32.717563,-117.1953878,213.6,7.86
7027.2576,7.89,20,14.49,42.1,7.63,255.9,215.1,-13.43,3.905,32.717534,-117.1954215,213.2,8.01
7028.3808,7.91,20.2,14.49,42.6,7.65,256.3,215,-14.05,3.905,32.7175078,-117.1954528,213.3,7.89
7029.4176,7.94,20.5,14.54,43.2,7.7,256.8,214.9,-14.34,3.905,32.717481,-117.1954847,212.8,7.89
7030.368,7.95,21.1,14.65,44,7.85,257.5,215,-15.52,3.905,32.7174522,-117.1955177,214.3,7.89
7031.4048,7.95,21.7,14.69,45.1,7.96,258.5,215,-16.24,3.905,32.717426,-117.1955478,213.8,7.92
7032.4416,8.03,21.9,14.78,45.5,7.99,258.9,214.9,-16.44,3.905,32.7173987,-117.1955782,213,8.04
7033.4784,8.11,21.4,14.97,44.5,8.06,257.9,214.9,-17.04,3.906,32.7173715,-117.1956072,214.5,8.09
7034.5152,8.07,21.4,14.95,44.4,8.08,257.7,214.9,-17.25,3.905,32.7173422,-117.1956398,215.1,8.04
7035.552,8.48,20.6,15.34,43.8,8.06,257.2,214.6,-16.82,3.905,32.717316,-117.1956712,213.8,8.25
7036.5888,8.27,20.7,15.2,43.5,8.09,256.7,214.5,-16.12,3.905,32.7172892,-117.1957025,213.4,8.25
7037.6256,8.24,20.7,15.25,43.1,8.16,256.3,214.5,-16.31,3.905,32.7172593,-117.195739,214,8.31
7038.6624,8.58,20.1,15.56,42.7,8.13,256,214.4,-15.96,3.905,32.7172323,-117.1957727,214,8.33
7039.6128,8.33,20.2,15.25,42.6,8.04,255.8,214.4,-15.54,3.905,32.717206,-117.1958047,213.5,8.28
7040.6496,8.26,20.4,15.14,42.9,8.01,256,214.3,-15.76,3.905,32.7171783,-117.1958388,214.3,8.35
7041.6864,8.33,20.2,15.2,42.8,8,255.9,214.4,-15.81,3.905,32.717149,-117.1958757,214.4,8.35
7042.7232,8.32,19.9,15.16,42.3,7.94,255.3,214.2,-15.35,3.906,32.7171213,-117.1959075,213.1,8.39
7043.76,8.4,19.7,15.18,42.3,7.88,255.3,214,-15.34,3.905,32.7170938,-117.1959392,213.2,8.4
7044.7968,8.41,19.8,15.17,42.5,7.86,255.4,214.1,-15.83,3.905,32.7170652,-117.1959732,214,8.34
7045.8336,8.48,19.7,15.13,42.7,7.76,255.6,214,-15.63,3.905,32.7170335,-117.196007,213.2,8.47
7046.8704,8.64,19.6,15.22,43.1,7.72,256,214.1,-15.43,3.905,32.7170043,-117.1960372,212.4,8.34
7047.8208,8.46,19.7,15.16,42.5,7.8,255.4,214.2,-15.67,3.905,32.7169752,-117.1960725,214.2,8.51
7048.944,8.43,19.1,15.24,41,7.84,253.9,214.4,-15.48,3.906,32.7169492,-117.1961077,214.7,8.46
7049.9808,8.42,18.6,15.3,40.1,7.86,252.9,214.5,-14.81,3.905,32.7169228,-117.1961418,213.9,8.51
7050.9312,8.42,18.2,15.38,38.9,7.9,251.8,214.7,-14.68,3.905,32.7168953,-117.196174,214.6,8.39
7051.968,8.45,18.1,15.46,38.7,7.93,251.6,214.8,-14.56,3.905,32.7168693,-117.1962075,215.7,8.41
7052.9184,8.31,18.3,15.34,38.7,7.95,251.6,214.8,-14.05,3.905,32.716841,-117.1962425,215,8.3
7054.0416,8.25,18.4,15.22,39,7.9,252,214.9,-13.63,3.905,32.7168148,-117.1962775,214.7,8.21
7055.0784,8.19,18.2,15.15,38.4,7.85,251.4,215,-13.72,3.905,32.7167898,-117.1963108,215.7,8.14
7056.1152,8.15,17.9,15.16,37.8,7.88,250.8,215,-13.53,3.905,32.7167603,-117.196344,215.5,8.12
7057.152,8.05,17.9,15.14,37.3,7.93,250.2,215.1,-13.17,3.905,32.7167342,-117.1963743,215,8.02
7058.1888,7.96,18.4,15.16,37.8,8.06,250.8,215.2,-12.79,3.905,32.7167092,-117.1964063,213,8
7059.2256,8.01,18.5,15.27,38,8.14,251.1,215.8,-12.55,3.905,32.7166832,-117.1964372,210.8,8.08
7060.176,8.15,18.2,15.46,37.5,8.18,250.8,217.8,-12.08,3.905,32.716656,-117.1964655,208.4,8.21
7061.2128,8.17,17.4,15.57,35.8,8.19,250.6,221.7,-13.15,3.905,32.7166253,-117.196499,213.1,8.14
7062.2496,8.26,15.5,15.8,32.3,8.19,250.7,226.8,-12.76,3.904,32.7165998,-117.1965308,215.3,7.95
7063.2864,7.99,14.3,15.64,29.2,8.18,251.7,230.9,-11.67,3.904,32.7165723,-117.1965668,218.7,7.94
7064.3232,7.81,11.6,15.64,23.5,8.16,252.6,237.8,-10.57,3.903,32.7165503,-117.1966003,222.3,7.74
7065.36,7.64,8.6,15.59,17.4,8.14,253.8,244.4,-9.6,3.902,32.716531,-117.1966362,228.7,7.58
7066.3968,7.4,4.8,15.33,9.8,7.98,254.9,253.6,-8.53,3.901,32.7165155,-117.1966718,234.5,7.03
7067.4336,6.72,1.7,14.55,3.6,7.84,256,260.6,-7.76,3.9,32.716505,-117.1967073,242.6,6.76
7068.4704,6.76,-1.5,14.44,-2.5,7.68,256.7,267.4,-6.33,3.9,32.7164993,-117.196742,248.4,6.45
7069.4208,6.05,-5,13.48,-8.8,7.47,257.5,274.2,-5.34,3.901,32.7164967,-117.1967798,255.2,6.01
7070.4576,5.28,-7.7,12.76,-13,7.56,258.6,278.8,-4.29,3.902,32.7164998,-117.1968098,264.3,5.48
7071.4944,5.31,-9.9,12.91,-17,7.74,259.6,283.4,-2.15,3.903,32.7165065,-117.1968453,274.1,5.43
7072.5312,5.32,-11.8,12.86,-20.6,7.74,260.4,287,-0.35,3.903,32.7165143,-117.1968697,282.9,5.26
7073.568,5.19,-13,12.57,-22.7,7.62,261.4,288.9,1.47,3.903,32.7165288,-117.1968947,288.5,5.2
7074.6048,5.31,-13.5,12.6,-24.1,7.56,261.8,289.8,3.33,3.902,32.71654,-117.1969177,288.2,5.31
7075.6416,5.42,-14.5,12.7,-26,7.6,261.4,290.9,4.61,3.902,32.7165548,-117.1969495,287.6,5.48
7076.6784,5.57,-15.6,12.79,-28.1,7.61,260.5,292.2,4.61,3.902,32.7165672,-117.1969763,290.9,5.65
7077.6288,5.74,-16.7,12.85,-30.5,7.57,259.4,293.1,4.94,3.902,32.7165823,-117.1970037,293.3,5.71
7078.5792,6.01,-17,13.06,-31.6,7.56,259.2,293.7,5.68,3.902,32.7166017,-117.1970307,294.4,6.13
7079.7024,6.1,-17.4,13.03,-32.7,7.47,259,294.1,6.43,3.903,32.7166188,-117.1970587,293.5,6.14
7080.7392,6.24,-17.5,13.09,-33.4,7.42,259,294.4,6.45,3.904,32.7166375,-117.1970865,296.3,6.4
7081.776,6.49,-17.7,13.26,-34,7.41,258.3,294.4,6.87,3.905,32.7166563,-117.197115,298,6.59
7082.7264,6.74,-18,13.45,-35.6,7.38,257.5,294.1,7.76,3.906,32.716675,-117.1971432,297.3,6.68
7083.8496,6.94,-17.8,13.54,-36.1,7.31,257.2,293.7,9.03,3.906,32.7166943,-117.1971773,294.5,6.88
7084.8864,6.94,-18.2,13.47,-37,7.26,256.6,293.6,9.15,3.907,32.7167132,-117.1972083,296.7,7.08
7085.8368,7.04,-18.2,13.58,-37.3,7.29,256.5,293.2,10.35,3.908,32.7167328,-117.1972392,295.2,7.13
7086.8736,7.18,-18.2,13.75,-37.4,7.31,256.4,292.9,11.75,3.908,32.7167522,-117.1972747,293.3,7.25
7087.9104,7.5,-18,14.09,-37.9,7.4,256.2,292.8,12.42,3.908,32.716772,-117.1973075,294.7,7.32
7088.9472,7.38,-18.4,13.94,-38.7,7.4,255.6,292.7,13.17,3.908,32.7167912,-117.1973402,292.2,7.36
7089.984,7.41,-18.5,13.94,-39.1,7.38,255.3,292.6,13.6,3.909,32.7168113,-117.197374,292.7,7.4
7091.0208,7.51,-18.3,14.02,-39,7.38,255.4,292.6,14.4,3.909,32.7168327,-117.1974123,291.7,7.45
7092.0576,7.5,-18.5,13.99,-39.5,7.36,255.1,292.7,14.53,3.909,32.716851,-117.1974468,290.5,7.51
7093.0944,7.67,-18.5,14.15,-39.9,7.38,254.8,292.9,14.5,3.909,32.7168725,-117.197485,291.8,7.67
7094.1312,7.69,-18.5,14.12,-40,7.33,254.7,293.2,14.6,3.909,32.7168918,-117.1975215,292.9,7.48
7095.168,7.88,-17.9,14.31,-39.7,7.31,255.6,293.4,13.81,3.909,32.7169125,-117.1975573,294.2,7.84
7096.2048,7.94,-17.6,14.36,-38.8,7.28,256.1,293,14.44,3.909,32.7169332,-117.1975953,293,7.96
7097.2416,8,-17.4,14.43,-38.8,7.27,256.3,292.6,14.53,3.909,32.7169553,-117.1976313,292,8.01
7098.192,8.2,-17,14.67,-38.1,7.32,256.7,292.5,13.95,3.909,32.7169782,-117.1976725,292.2,8.23
7099.2288,8.29,-17.2,14.82,-38.3,7.34,256.4,292.3,13.24,3.909,32.7170008,-117.1977102,292.6,8.27
7100.2656,8.48,-17.1,15.16,-38.1,7.55,256.5,291.9,12.91,3.909,32.7170198,-117.1977463,292,8.42
7101.3024,8.52,-17.3,15.23,-38.4,7.6,256.1,291.2,12.87,3.909,32.7170452,-117.1977875,290.9,8.54
7102.3392,8.58,-17.1,15.25,-38.5,7.58,256.1,290.4,12.81,3.909,32.7170663,-117.1978282,288.8,8.44
7103.376,8.69,-16.6,15.4,-37.6,7.58,256.7,289.7,12.15,3.909,32.717086,-117.1978682,288.2,8.53
7104.4128,8.52,-16.4,15.2,-36.6,7.48,257.2,289.5,11.03,3.909,32.7171037,-117.1979113,286.6,8.53
7105.4496,8.41,-16.5,15.15,-36.4,7.53,257.2,289.4,9.69,3.909,32.7171232,-117.1979568,287.1,8.52
7106.4864,8.53,-16.3,15.3,-35.9,7.55,257.3,289.3,8.4,3.909,32.717145,-117.197996,286.5,8.47
7107.5232,8.46,-16.3,15.26,-35.9,7.55,257.2,289.2,7.53,3.909,32.7171643,-117.1980367,285.9,8.48
7108.4736,8.38,-16.7,15.24,-36.1,7.64,256.7,289.1,6.65,3.909,32.7171858,-117.1980833,285.6,8.44
7109.5968,8.35,-16.7,15.28,-35.9,7.71,256.6,289.1,5.98,3.909,32.717205,-117.1981255,286.5,8.44
7110.5472,8.3,-17.1,15.29,-36.2,7.79,256.1,289,5.67,3.909,32.7172238,-117.1981662,286.5,8.28
7111.584,8.38,-16.9,15.43,-36.2,7.81,256.2,289.1,5.46,3.909,32.7172428,-117.1982053,287.9,8.35
7112.6208,8.31,-17,15.41,-35.8,7.89,256.2,289.1,5.55,3.909,32.7172637,-117.1982495,287.9,8.15
7113.6576,8.05,-17.6,15.11,-36.5,7.86,255.5,289.1,5.87,3.909,32.7172822,-117.198287,288.3,8.33
7114.6944,8.2,-18.2,15.12,-37.4,7.84,253.5,289,5.75,3.909,32.7173012,-117.1983243,288.4,8.08
7115.6448,8.1,-19.2,14.91,-40.2,7.77,251.6,289.1,5.83,3.909,32.7173185,-117.198365,288.4,8.1
7116.768,8.04,-20.1,14.74,-42.1,7.75,249.7,289.4,6.03,3.909,32.7173378,-117.1984013,289.2,8.11
7117.8048,8.1,-20.6,14.78,-43.1,7.79,248.7,289.6,6.53,3.909,32.7173572,-117.1984387,289.5,8.05
7118.7552,8.24,-20.6,14.89,-43.4,7.79,248.3,289.7,6.75,3.909,32.7173785,-117.1984758,292.9,8.15
7119.792,8.21,-21,14.77,-44.5,7.75,247.3,289.6,8.66,3.909,32.7173978,-117.1985157,292.1,8.27
7120.8288,8.26,-20.9,14.83,-44.4,7.75,247.4,289.6,9.22,3.909,32.7174197,-117.1985583,291.9,8.28
7121.8656,8.37,-20.6,14.92,-44.3,7.73,247.6,289.3,10.56,3.909,32.7174403,-117.1985975,291.2,8.41
7122.9024,8.38,-20.5,14.91,-44.3,7.71,247.6,289.2,11.52,3.909,32.7174602,-117.198639,289.3,8.35
7123.8528,8.37,-20.4,14.91,-44,7.71,247.9,289.3,11.39,3.909,32.7174837,-117.1986818,289.8,8.44
7124.8896,8.55,-19.8,15.12,-43.6,7.72,248.5,289.5,11.5,3.909,32.717505,-117.198722,289.9,8.59
7125.9264,,-19.7,15.12,-43.1,7.71,248.7,289.4,11.61,3.909,32.717525,-117.1987632,290.4,8.64
7126.9632,8.64,-19.7,15.23,-43.2,7.73,248.6,289.6,11.71,3.909,32.7175458,-117.1988025,289.3,8.85
7128,8.85,-19.4,15.39,-43.3,7.7,248.4,289.7,11.71,3.909,32.717569,-117.19884,291.3,8.78
7129.0368,8.81,-19.5,15.28,-43.5,7.63,248.2,289.7,11.71,3.909,32.7175935,-117.198883,291.1,8.74
7130.0736,8.98,-19.5,15.33,-44.2,7.56,247.5,289.8,12.14,3.909,32.7176143,-117.1989232,290.7,9.14
7131.1104,8.97,-19.4,15.29,-44.3,7.53,247.5,289.8,12.2,3.909,32.7176352,-117.1989652,291,8.93
7132.0608,9.01,-19.4,15.25,-44.4,7.49,247.2,289.9,12.25,3.909,32.7176597,-117.1990103,290,9.02
7133.184,9.02,-19.4,15.23,-44.6,7.43,247.1,289.9,12.18,3.909,32.7176798,-117.1990508,290.5,9.01
7134.1344,9.2,-19.1,15.28,-44.9,7.32,246.9,290,11.97,3.909,32.7177027,-117.199091,291,9.04
7135.1712,9.17,-19.1,15.01,-45.4,7.18,246.1,290.1,11.66,3.909,32.7177267,-117.1991323,290.2,9.12
7136.208,,-19.1,14.94,-45.8,7.02,245.9,290.1,11.62,3.909,32.7177522,-117.1991807,291.2,9.26
7137.2448,9.32,-19.2,14.93,-46.4,6.96,244.9,290.3,11.45,3.909,32.7177745,-117.1992233,290.3,9.39
7138.2816,9.3,-19.2,14.83,-47.3,6.85,244.5,290.3,11.45,3.909,32.7177962,-117.1992645,294.1,9.28
7139.3184,9.62,-19,15.06,-47.9,6.81,243.8,290.3,11.34,3.909,32.7178233,-117.1993113,293.2,9.39
7140.3552,9.3,-19.5,14.75,-48.2,6.82,243.6,290,11.93,3.909,32.7178458,-117.1993555,290.9,9.27
7141.392,9.36,-19.5,14.81,-48.3,6.83,243.5,289.7,12.42,3.909,32.717871,-117.1994002,291.5,9.28
7142.4288,9.34,-19.3,14.97,-47,6.95,244.7,289.5,12.41,3.909,32.7178978,-117.1994495,290.4,9.42
7143.4656,9.23,-19.2,14.97,-46.4,7.03,245.4,289.4,12.47,3.909,32.7179217,-117.1994933,289.6,9.24
7144.416,9.22,-18.9,15.17,-45.4,7.13,246.7,289.2,12.74,3.909,32.7179457,-117.1995395,288.9,9.3
7145.4528,9.27,-18.8,15.27,-44.7,7.22,247,289.2,12.45,3.909,32.7179665,-117.1995857,289.1,9.24
7146.4896,9.24,-18.7,15.34,-44.2,7.3,247.4,289.1,12.14,3.909,32.7179885,-117.1996318,288.7,9.33
7147.5264,9.2,-18.9,15.32,-44.4,7.33,247.2,289.2,11.94,3.909,32.7180115,-117.1996833,288.8,9.26
7148.5632,9.31,-19,15.49,-44.6,7.41,247,289.2,11.56,3.909,32.7180325,-117.199729,288.8,9.28
7149.5136,9.3,-18.9,15.53,-44.5,7.43,247.3,289.2,11.71,3.909,32.7180573,-117.1997765,290.1,9.23
7150.6368,9.27,-18.9,15.54,-44.1,7.48,247.4,289.1,11.86,3.909,32.71808,-117.1998208,290,9.28
7151.6736,9.34,-18.7,15.63,-43.7,7.5,247.8,289.2,12.09,3.909,32.7181027,-117.1998647,289.5,9.26
7152.7104,9.37,-18.7,15.64,-43.9,7.47,247.6,289.1,12.22,3.909,32.718125,-117.1999087,290.1,9.39
7153.7472,9.36,-18.9,15.55,-44.4,7.42,247,289.1,12.52,3.909,32.7181507,-117.1999592,288.7,9.33
7154.784,9.39,-18.9,15.54,-44.6,7.39,246.8,289.1,13.04,3.909,32.7181748,-117.2000033,288.9,9.27
7155.8208,9.49,-18.7,15.56,-44.7,7.31,246.7,289.2,13.16,3.909,32.7182017,-117.2000532,289.8,9.4
7156.7712,9.44,-19.3,15.43,-45.5,7.31,245.3,289.1,13.52,3.909,32.7182253,-117.2000968,289.9,9.5
7157.808,9.51,-19.4,15.49,-46.5,7.32,244.9,289,13.65,3.909,32.7182487,-117.2001413,288.6,9.42
7158.8448,9.46,-20.1,15.42,-47.7,7.37,243.6,288.6,13.99,3.909,32.7182728,-117.2001837,289.7,9.54
7159.8816,9.52,-20.2,15.48,-48.1,7.4,243.3,288.5,14.11,3.909,32.7182955,-117.200227,291.1,9.52
7160.9184,9.45,-20.9,15.47,-49.1,7.53,242.1,288.1,14.24,3.909,32.7183202,-117.2002772,288.8,9.5
7161.9552,9.57,-21.1,15.59,-49.6,7.58,241.5,287.8,14.41,3.909,32.7183403,-117.2003212,288.4,9.52
7162.992,9.51,-21,15.54,-49.3,7.56,241.7,287.5,14.68,3.909,32.7183612,-117.200369,287.8,9.54
7164.0288,9.64,-20.2,15.72,-48.2,7.54,242.9,286.9,14.62,3.91,32.7183797,-117.2004135,288,9.55
7165.0656,9.53,-20.4,15.63,-48.1,7.56,242.6,286.5,14.63,3.91,32.7183987,-117.2004598,286.8,9.5
7166.016,9.53,-20.8,15.62,-48.6,7.6,241.7,286.2,14.73,3.909,32.718419,-117.2005057,286.4,9.49
7167.1392,9.61,-20.9,15.68,-49.2,7.61,241.2,286.2,14.65,3.909,32.7184432,-117.2005545,286,9.57
7168.176,9.3,-21.5,15.33,-49.9,7.59,240.3,286.1,14.64,3.909,32.7184638,-117.2006007,284.5,9.72
7169.1264,9.56,-21.3,15.55,-50.1,7.58,239.9,286.1,14.63,3.91,32.7184847,-117.2006472,285.4,9.57
7170.1632,9.53,-21.5,15.54,-50.4,7.62,239.5,286,14.4,3.909,32.7185078,-117.2006995,286.2,9.78
7171.2,9.72,-21.8,15.63,-51.6,7.6,238,285.9,14.54,3.909,32.7185278,-117.2007467,285.6,9.74
7172.2368,9.8,-21.7,15.68,-51.8,7.6,237.8,285.8,14.52,3.91,32.7185473,-117.2007958,284.4,9.71
7173.2736,9.82,-22,15.59,-52.2,7.56,236.7,285.7,14.09,3.909,32.718569,-117.2008443,284.7,9.71
7174.3104,9.62,-22.3,15.38,-52.9,7.52,236.4,285.7,13.79,3.909,32.7185925,-117.200896,283.9,9.77
7175.3472,9.63,-22.6,15.41,-53.3,7.57,235.7,285.4,13.14,3.909,32.7186118,-117.2009447,283.1,9.74
7176.384,9.64,-22.6,15.4,-53.4,7.56,235.5,285.4,12.84,3.91,32.7186315,-117.2009943,283.9,9.82
7177.4208,9.83,-22.5,15.58,-53.6,7.58,235.2,285.3,11.91,3.91,32.7186497,-117.2010437,285.5,9.67
7178.4576,9.75,-22.9,15.36,-54.1,7.54,233.9,285.2,11.38,3.909,32.7186713,-117.201097,283.3,9.81
7179.408,9.65,-23,15.22,-54.8,7.45,233.6,285.2,11.23,3.909,32.7186892,-117.201146,284.2,9.66
7180.5312,9.71,-22.7,15.12,-54.9,7.34,233.2,285.2,10.6,3.91,32.7187073,-117.2011932,286.6,9.59
7181.4816,9.6,-22.7,15,-55.1,7.27,233.4,285.2,10.49,3.909,32.7187277,-117.2012447,284.7,9.59
7182.5184,9.61,-22.5,15.02,-54.3,7.23,233.8,285.1,10.45,3.909,32.7187473,-117.2012922,283.7,9.59
7183.5552,9.66,-22.1,15.01,-53.9,7.13,234.1,285.3,10.15,3.909,32.7187665,-117.201342,284.8,9.62
7184.592,9.53,-22.2,14.85,-54,7.1,233.9,285.3,10,3.91,32.7187868,-117.2013898,286,9.69
7185.6288,9.55,-22.1,14.85,-53.9,7.06,234,285.3,10.12,3.909,32.718809,-117.2014428,284.1,9.58
7186.6656,9.63,-21.7,14.92,-53.5,7.02,234.3,285.2,10.15,3.909,32.7188302,-117.2014898,285.1,9.56
7187.7024,9.73,-21.6,14.93,-53.8,6.96,233.9,285.3,9.88,3.91,32.7188527,-117.2015417,283.7,9.66
7188.7392,9.67,-21.6,14.82,-53.9,6.9,233.8,285.3,10.06,3.91,32.7188728,-117.2015895,284.9,9.69
7189.776,9.68,-21.5,14.79,-53.9,6.85,233.7,285.2,10.03,3.91,32.7188915,-117.201637,284.8,9.66
7190.7264,9.76,-21.6,14.8,-54.3,6.81,232.9,285.2,9.88,3.91,32.718912,-117.2016842,285.6,9.68
7191.8496,9.64,-21.8,14.68,-54.7,6.83,232.8,285.2,9.82,3.91,32.7189327,-117.2017325,284.4,9.69
7192.8864,9.85,-21.8,14.88,-55.2,6.87,232.2,285.2,9.56,3.91,32.718955,-117.2017853,285.1,9.59
7193.8368,9.79,-22.2,14.8,-55.8,6.88,231.5,285.2,9.1,3.91,32.718973,-117.2018305,286.1,9.71
7194.8736,9.74,-22.5,14.73,-56.4,6.91,230.8,285.2,8.66,3.91,32.718992,-117.2018827,284.3,9.73
7195.9104,9.81,-22.7,14.76,-57,6.91,230.2,285.3,8.44,3.909,32.7190122,-117.2019283,285.1,9.78
7196.9472,9.73,-22.9,14.65,-57.3,6.88,229.9,285.5,8.08,3.909,32.7190337,-117.2019753,285.8,9.77
7197.984,9.84,-22.7,14.72,-57.4,6.86,229.7,285.8,7.59,3.909,32.7190555,-117.2020232,288.7,9.94
7199.0208,9.89,-22.5,14.74,-57.3,6.82,229.8,285.7,7.93,3.909,32.7190765,-117.2020705,286.8,10.04
7199.9712,9.96,-22.4,14.77,-57.4,6.79,229.7,285.8,8.48,3.909,32.7190985,-117.2021233,287.7,9.9
7201.0944,10.01,-22.5,14.76,-58,6.77,229.1,285.7,8.68,3.909,32.7191203,-117.2021715,287.4,9.82
7202.0448,10.03,-22.6,14.77,-58.3,6.79,228.8,285.3,9.2,3.909,32.7191445,-117.2022252,286.7,9.9
7203.0816,9.97,-22.6,14.9,-57.2,6.92,229.8,285,9.7,3.909,32.719166,-117.2022742,284.6,9.84
7204.1184,9.89,-22.6,14.93,-56.6,6.99,230.4,284.9,9.53,3.909,32.7191893,-117.2023245,285.6,10.04
7205.1552,9.87,-22.6,15.02,-56.1,7.09,230.8,284.9,9.4,3.909,32.719212,-117.2023738,285.8,10.01
7206.192,9.85,-22.7,15.16,-55.6,7.23,231.3,285,9.69,3.909,32.7192353,-117.202423,285.6,9.99
7207.1424,9.93,-22.5,15.37,-54.9,7.33,232,285.1,9.69,3.909,32.7192593,-117.2024765,287.3,9.89
7208.2656,10.02,-22,15.58,-53.7,7.39,233.2,285.2,10.11,3.909,32.7192815,-117.202525,286.3,10.04
7209.3024,9.87,-22,15.52,-53,7.44,233.9,285.3,10.77,3.909,32.7193042,-117.2025727,287.7,9.93
7210.3392,10.03,-21.7,15.75,-52.6,7.49,234.4,285.4,11.62,3.909,32.7193263,-117.2026257,286.8,10.09
7211.2896,9.86,-21.9,15.62,-52.4,7.51,234.6,285.5,12.68,3.909,32.7193492,-117.202673,287.6,10.18
7212.3264,10.13,-21.6,15.88,-52.6,7.54,234.4,285.5,13.55,3.909,32.7193712,-117.20272,286,10.11
7213.3632,10.05,-21.6,15.75,-52.7,7.48,234.4,285.5,14.3,3.909,32.7193923,-117.2027693,287.7,10.22
7214.4,10.15,-21.1,15.8,-52.2,7.39,234.9,285.5,14.83,3.909,32.7194148,-117.2028208,285.7,10.34
7215.4368,10.43,-20.3,16.04,-51.4,7.31,235.7,285.3,15.33,3.909,32.719437,-117.2028713,285.4,10.32
7216.3872,10.5,-19.9,16,-51.3,7.18,235.8,285.3,15.27,3.909,32.7194627,-117.2029273,285.7,10.5
7217.424,10.61,-19.4,16.02,-50.8,7.05,236.3,285.3,14.8,3.909,32.7194853,-117.202978,285.8,10.59
7218.4608,10.74,-19,16.05,-50.8,6.94,236.2,285.3,14.4,3.909,32.719509,-117.2030283,285.8,10.65
7219.4976,10.62,-19.2,15.8,-51.4,6.82,235.7,285.4,13.97,3.909,32.719534,-117.2030837,285.7,10.76
7220.5344,10.65,-19.5,15.79,-52.2,6.83,234.8,285.3,13.54,3.909,32.7195557,-117.2031357,286.4,10.59
7221.5712,10.53,-19.8,15.69,-52.4,6.86,234.6,285.3,13.31,3.909,32.7195777,-117.203188,284.1,10.57
7222.608,10.71,-19.6,15.93,-52.2,6.94,234.7,285.2,12.91,3.909,32.7195985,-117.2032402,284.4,10.65
7223.6448,10.62,-19.7,15.92,-51.8,6.99,235.1,285.3,12.41,3.909,32.719621,-117.203299,285,10.64
7224.6816,10.51,-19.9,15.84,-51.9,7.03,235,285.4,11.92,3.909,32.7196425,-117.2033512,284.6,10.51
7225.632,10.61,-20,15.98,-52,7.09,234.8,285.5,11.79,3.909,32.719666,-117.2034085,285.2,10.69
7226.7552,10.73,-20.5,15.98,-53.7,7.09,233.1,285.5,11.64,3.909,32.7196883,-117.203461,283.5,10.36
7227.7056,10.58,-21.1,15.75,-54.9,7.07,232,285.5,11.5,3.909,32.7197102,-117.203513,284.6,10.69
7228.7424,10.31,-21.4,15.55,-54.5,7.11,232.3,285.4,11.35,3.909,32.7197315,-117.2035657,284.1,10.54
7229.7792,10.71,-20.7,15.93,-54.1,7.08,232.6,285.5,10.76,3.909,32.7197572,-117.2036232,285.9,10.61
7230.816,10.5,-21.1,15.67,-54.7,7.05,232,285.4,10.31,3.909,32.7197785,-117.2036732,284.5,10.39
7231.8528,10.5,-21.6,15.62,-55.7,7.08,231,285.3,10.06,3.909,32.7197992,-117.2037247,284.1,10.16
7232.8896,10.71,-21.7,15.8,-56.5,7.13,230.2,285.4,10.02,3.909,32.719822,-117.2037828,285,10.48
7233.9264,10.49,-22,15.53,-56.8,7.06,229.9,285.4,9.37,3.909,32.7198433,-117.2038343,284.6,10.39
7234.9632,10.41,-22.4,15.38,-57.8,7.06,228.9,285.4,9.26,3.909,32.7198658,-117.203884,284.6,10.42
7235.9136,10.41,-22.3,15.36,-57.7,7.02,229,285.5,8.85,3.909,32.7198877,-117.2039335,284.8,10.34
7236.9504,10.47,-22.1,15.35,-57.7,6.95,228.9,285.5,8.84,3.909,32.7199123,-117.2039868,285.1,10.35
7238.0736,10.34,-22.4,15.09,-58.5,6.84,228.1,285.5,8.18,3.909,32.7199335,-117.2040343,285.3,10.3
7239.024,10.34,-22.3,14.96,-59,6.73,227.6,285.5,7.74,3.909,32.7199538,-117.2040848,286.4,10.12
7240.0608,10.32,-22.4,14.8,-59.8,6.62,226.7,285.6,7.39,3.909,32.7199763,-117.2041405,286.5,10.32
7241.0976,10.12,-22.8,14.49,-60.7,6.54,225.8,285.4,6.91,3.909,32.7199972,-117.2041912,285.1,10.23
7242.1344,10.22,-23,14.49,-61.7,6.51,224.8,285.2,6.73,3.909,32.7200177,-117.2042402,284.2,10.21
7243.1712,10.19,-23.1,14.44,-61.9,6.5,224.5,285,6.42,3.909,32.7200372,-117.2042887,283,9.96
7244.208,9.98,-22.9,14.31,-60.6,6.47,225.8,285,6.12,3.909,32.720059,-117.2043437,282.5,9.93
7245.2448,10.02,-22.2,14.44,-59,6.44,227.4,284.8,6,3.909,32.7200773,-117.2043925,284.3,9.95
7246.2816,9.72,-22.2,14.2,-58,6.41,228.3,284.8,5.84,3.909,32.7200942,-117.2044412,284,9.86
7247.232,9.76,-21.8,14.24,-57.4,6.37,228.9,284.7,5.57,3.909,32.7201118,-117.2044887,282.6,9.73
7248.2688,9.88,-21.3,14.42,-56.3,6.37,229.9,284.6,5.41,3.909,32.7201322,-117.2045417,283.1,9.61
7249.3056,9.58,-21.4,14.19,-55.6,6.37,230.7,284.6,5.25,3.909,32.720152,-117.20459,282.8,9.67
7250.4288,9.49,-21.3,14.18,-54.8,6.39,231.4,284.5,4.75,3.909,32.7201703,-117.2046372,281.7,9.52
7251.3792,9.53,-20.9,14.16,-54.3,6.29,231.8,284.6,4.16,3.908,32.7201893,-117.2046895,281.6,9.4
7252.416,9.39,-20.9,13.98,-54.3,6.24,231.8,284.7,3.52,3.908,32.7202078,-117.2047362,283.2,9.38
7253.4528,9.35,-21,13.9,-54.5,6.2,231.5,284.7,3.03,3.908,32.7202283,-117.2047805,283.3,9.43
7254.4896,9.2,-21.2,13.77,-54.4,6.2,231.5,284.7,2.96,3.908,32.7202488,-117.2048247,283.6,9.15
7255.5264,9.23,-20.9,13.82,-53.7,6.18,232.2,284.8,3.14,3.908,32.7202712,-117.2048722,283.8,9.08
7256.5632,9.06,-20.8,13.71,-52.9,6.19,233,284.8,2.95,3.908,32.7202907,-117.2049167,284.7,9.06
7257.5136,9.23,-20.1,13.93,-51.8,6.19,234.2,284.7,3.27,3.908,32.720312,-117.2049672,283.9,8.95
7258.6368,8.96,-19.8,13.68,-50.4,6.1,235.5,284.5,3.61,3.908,32.7203288,-117.2050122,283.7,8.86
7259.6736,8.82,-19.8,13.51,-50.2,6.04,235.7,284.5,3.36,3.908,32.7203448,-117.2050563,283.2,8.85
7260.624,8.87,-20.1,13.56,-50.8,6.08,235,284.5,3,3.907,32.7203605,-117.2051008,283.2,8.82
7261.6608,8.74,-20.5,13.39,-51.4,6.06,234.4,284.5,2.58,3.907,32.7203775,-117.2051437,284.1,8.68
7262.6976,8.91,-20.4,13.5,-51.9,6.04,233.8,284.5,2.49,3.907,32.7203947,-117.2051882,283.7,8.7
7263.7344,8.62,-20.8,13.2,-51.9,6.01,233.8,284.7,2.3,3.907,32.7204143,-117.2052367,284.2,8.56
7264.7712,8.49,-20.7,13.05,-51.6,5.95,234.1,284.8,2.22,3.907,32.720431,-117.2052792,283.8,8.55
7265.7216,8.55,-20.5,13.04,-51.8,5.89,233.9,284.9,2.14,3.907,32.7204495,-117.2053257,284.9,8.38
7266.8448,8.3,-21.3,12.78,-52.6,5.91,233.2,284.9,2.12,3.907,32.7204667,-117.2053668,284.3,8.4
7267.7952,8.28,-21.4,12.8,-52.5,5.95,233.2,284.9,2.12,3.907,32.7204832,-117.2054077,284.4,8.38
7268.832,8.23,-21.3,12.84,-51.9,6,233.9,284.9,2.12,3.907,32.7204998,-117.2054483,284.7,8.12
7269.9552,8.16,-21,12.92,-50.4,6.09,235.3,284.9,2.24,3.907,32.7205185,-117.2054932,284.8,8.11
7270.992,8.18,-20.4,13.01,-48.9,6.08,236.8,284.9,2.23,3.907,32.7205345,-117.2055345,284.3,8.05
7271.9424,8.03,-20.9,12.89,-49.3,6.13,236.4,285,2.03,3.906,32.72055,-117.2055735,284.8,8.08
7272.9792,8.03,-21.7,12.84,-51,6.16,234.7,285.1,1.88,3.906,32.7205663,-117.2056158,285.9,8.02
7274.016,8.05,-22.1,12.86,-51.9,6.22,233.8,285.2,2.08,3.906,32.7205823,-117.2056548,284.9,8.05
7275.0528,8.05,-22.5,12.89,-52.5,6.3,233.2,285.4,2.06,3.906,32.7205988,-117.2056927,286,7.96
7276.0896,8.05,-23.2,12.84,-53.9,6.33,231.9,285.7,2.07,3.906,32.7206142,-117.205731,285.9,8
7277.04,7.98,-23.9,12.71,-55.1,6.33,230.7,285.8,2.08,3.906,32.7206312,-117.2057695,286.4,7.97
7278.0768,7.96,-24.1,12.63,-55.8,6.3,230.1,285.9,2.05,3.906,32.72065,-117.2058117,286.5,7.99
7279.2,7.91,-24.6,12.47,-57,6.25,228.9,286,1.85,3.906,32.7206667,-117.2058492,287.7,7.96
7280.1504,7.85,-25.1,12.39,-57.7,6.27,228.2,285.8,1.85,3.905,32.720685,-117.2058903,286.5,7.88
7281.2736,7.87,-25.3,12.42,-58.1,6.31,227.8,285.9,2.06,3.905,32.7207018,-117.2059282,284.6,7.81
7282.224,7.8,-25.8,12.31,-59,6.32,227,286.3,1.64,3.904,32.720717,-117.2059647,284.7,7.88
7283.2608,7.77,-26.2,12.21,-59.9,6.3,226.2,287,1.4,3.904,32.7207332,-117.206003,285.3,7.82
7284.2976,7.76,-26.7,12.15,-60.8,6.3,225.4,288,1.22,3.904,32.7207497,-117.2060402,285,7.8
7285.3344,7.74,-26.6,12.15,-60.5,6.3,226,289.1,1.08,3.904,32.7207695,-117.2060805,287.7,7.73
7286.3712,7.7,-26.6,12.04,-60.7,6.23,226.4,290.1,0.52,3.904,32.7207868,-117.2061168,290.3,7.69
7287.408,7.71,-25.9,12,-60,6.11,227.6,290.6,0.69,3.904,32.7208067,-117.2061573,289.4,7.76
7288.4448,7.71,-25.6,12,-59.3,6.07,228.7,291.1,0.67,3.904,32.720823,-117.206193,290.3,7.72
7289.4816,7.7,-25.1,11.97,-58.6,6,229.9,291.7,0.21,3.904,32.7208418,-117.2062295,294.4,7.58
7290.432,7.62,-24.8,11.95,-57.5,5.98,231.5,291.7,0.36,3.904,32.7208613,-117.2062655,293.4,7.58
7291.4688,7.58,-23.9,11.87,-56.2,5.84,233.1,291.6,0.52,3.904,32.720883,-117.2063058,293.6,7.89
7292.5056,7.56,-23.6,11.93,-55.1,5.87,234.4,291.2,0.62,3.904,32.7209017,-117.2063403,290.9,7.81
7293.5424,7.65,-23,11.99,-54.4,5.8,235.1,291.1,0.22,3.903,32.7209212,-117.2063752,293.8,7.65
7294.5792,7.68,-22.9,12.15,-53.7,5.91,235.9,290.5,0.12,3.902,32.7209405,-117.2064098,290.6,7.39
7295.5296,7.79,-22.9,12.27,-54,5.95,235.7,290.2,0.41,3.902,32.720962,-117.2064482,288.9,7.48
7296.6528,7.35,-24.2,11.9,-54.5,6.03,235.2,290.1,0.02,3.902,32.720981,-117.206483,289.3,7.26
7297.6896,7.28,-24.4,11.92,-54.3,6.11,235.5,290.3,0.06,3.902,32.720999,-117.2065183,289.7,7.29
7298.64,7.27,-24.8,11.96,-54.7,6.18,235.2,290.4,0.4,3.902,32.7210155,-117.206552,289.8,7.3
7299.6768,7.29,-25.1,12.06,-54.9,6.29,235.1,290.5,0.03,3.902,32.7210373,-117.2065908,293.5,7.31
7300.8,7.23,-25.4,11.97,-55.5,6.29,234.5,290.2,0.17,3.902,32.721058,-117.2066242,294.3,7.27
7301.7504,7.28,-25.5,12.02,-55.8,6.31,234.2,289.2,1.64,3.902,32.7210778,-117.206656,291.4,7.29
7302.7872,7.47,-25,12.18,-55.6,6.29,234.4,288.8,1.77,3.902,32.7210965,-117.20669,291.2,7.39
7303.824,7.4,-25.3,12.22,-55.4,6.39,234.6,288.4,1.77,3.902,32.721115,-117.2067233,291,7.26
7304.8608,7.43,-25.1,12.39,-54.7,6.51,235.3,287.9,2.78,3.902,32.7211332,-117.2067552,288.8,7.41
7305.8976,7.52,-25.1,12.56,-54.7,6.62,235.2,287.5,2.92,3.902,32.7211512,-117.2067867,289.7,7.43
7306.848,7.54,-25,12.65,-54.4,6.68,235.5,286.9,2.92,3.902,32.7211688,-117.2068217,288.6,7.56
7307.8848,7.95,-24.4,12.91,-55.2,6.6,234.5,286.2,2.92,3.902,32.7211905,-117.2068608,289.1,7.7
7308.9216,7.74,-24.6,12.71,-55,6.58,234.5,285.3,5.58,3.902,32.7212072,-117.2068973,286.1,7.4
7309.9584,7.65,-24.6,12.55,-55.2,6.5,234,284.6,6.58,3.902,32.7212253,-117.20694,285.6,7.75
7310.9952,7.73,-24.4,12.53,-55.4,6.41,233.4,283.9,7.24,3.902,32.7212412,-117.2069748,284.2,7.68
7312.032,7.74,-23.9,12.57,-54.6,6.39,233.9,283.5,7.89,3.902,32.7212553,-117.207012,280.9,7.8
7313.0688,7.82,-23.7,12.69,-54.3,6.43,233.8,283.5,7.49,3.902,32.72127,-117.2070523,282.3,7.79
7314.0192,8.05,-23.3,12.89,-54.3,6.42,233.5,283.5,7.64,3.902,32.7212863,-117.2070923,282.6,8.03
7315.1424,8.1,-23.2,12.83,-54.8,6.32,232.8,283.5,7.82,3.902,32.7213027,-117.2071377,283.9,7.86
7316.1792,8.07,-23.5,12.76,-55.6,6.32,231.8,283.1,8.23,3.902,32.7213173,-117.2071757,282.2,8.19
7317.216,8.08,-23.9,12.67,-56.7,6.28,230.5,282.9,8.55,3.902,32.7213318,-117.2072177,283.4,8.07
7318.1664,8.06,-23.8,12.66,-56.4,6.27,230.6,282.6,8.85,3.902,32.7213488,-117.207265,281.4,8.15
7319.2032,8.3,-23.3,12.95,-56,6.33,230.7,282.5,9.26,3.902,32.7213628,-117.207308,280.6,8.39
7320.24,8.14,-23.4,12.91,-55.2,6.4,231.3,282.4,9.24,3.902,32.7213773,-117.20735,281,8.21
7321.2768,8.46,-23,13.29,-55,6.49,231.3,282.6,9.45,3.902,32.7213918,-117.207392,280.2,8.3
7322.3136,8.36,-23.3,13.25,-55.1,6.55,231.2,282.8,9.17,3.903,32.7214078,-117.2074333,283.4,7.93
7323.264,8.39,-23.6,13.32,-55.6,6.64,230.6,282.8,10.3,3.903,32.7214243,-117.207481,281.2,8.58
7324.3872,8.6,-23.9,13.37,-57.3,6.59,228.8,282.9,10.29,3.903,32.7214418,-117.2075235,284.1,8.48
7325.424,8.42,-24.5,13.2,-58,6.63,228.1,282.7,10.86,3.903,32.7214607,-117.2075657,282.8,8.51
7326.3744,8.59,-24.3,13.3,-58.4,6.6,227.5,282.6,11.35,3.903,32.7214788,-117.2076142,281.7,8.75
7327.4112,8.54,-24.6,13.32,-58.4,6.68,227.4,282.4,11.02,3.903,32.7214955,-117.2076568,282.4,8.58
7328.448,8.55,-24.3,13.38,-57.7,6.69,228,282.2,11.32,3.903,32.721512,-117.2077005,280.4,8.66
7329.4848,8.88,-23.4,13.66,-57.1,6.62,228.4,282.1,10.59,3.903,32.7215267,-117.2077462,280.2,8.6
7330.5216,8.51,-24,13.32,-57.1,6.61,228.4,282.1,10.08,3.903,32.721543,-117.2077938,279.6,8.59
7331.5584,8.59,-23.4,13.31,-56.6,6.48,228.7,282.2,9.51,3.903,32.7215575,-117.2078353,280,8.45
7332.5952,8.69,-23.1,13.45,-56.1,6.5,229.1,282.3,9.29,3.903,32.7215725,-117.2078782,279.6,8.57
7333.632,8.62,-22.9,13.35,-55.7,6.44,229.4,282.7,8.67,3.904,32.7215872,-117.2079195,282,8.71
7334.5824,8.56,-22.9,13.32,-55.5,6.39,229.7,282.7,8.45,3.904,32.7216048,-117.207967,282.5,8.62
7335.6192,8.57,-22.7,13.44,-54.6,6.52,230.4,282.7,8.53,3.904,32.721618,-117.2080108,281.9,8.65
7336.656,8.55,-22.5,13.39,-54.3,6.46,230.7,282.7,8.43,3.904,32.7216335,-117.2080552,282.5,8.53
7337.6928,8.65,-22,13.54,-53.4,6.47,231.5,282.7,8.67,3.904,32.7216488,-117.2080963,282.2,8.55
7338.7296,8.67,-22,13.54,-53.5,6.45,231.4,282.7,8.63,3.904,32.7216647,-117.2081405,282.7,8.65
7339.68,8.7,-21.8,13.55,-53.3,6.42,231.6,282.8,8.66,3.904,32.7216813,-117.2081818,283.4,8.62
7340.7168,8.7,-21.5,13.65,-52.5,6.48,232.4,282.8,9.19,3.904,32.721698,-117.2082305,282.6,8.73
7341.7536,8.59,-21.6,13.59,-52.5,6.47,232.8,282.8,9.23,3.904,32.721715,-117.2082758,284.7,8.53
7342.704,8.67,-21.3,13.82,-51.2,6.62,233.7,282.5,10.55,3.904,32.7217322,-117.2083205,281.2,8.77
7343.8272,8.69,-21.4,13.82,-51.5,6.62,233.3,282.8,9.95,3.904,32.7217507,-117.2083683,284.6,8.77
7344.864,8.52,-21.4,13.67,-51.1,6.61,233.8,282.6,9.82,3.904,32.7217683,-117.2084102,283.6,8.68
7345.8144,8.93,-20.1,14.04,-50,6.54,235,281.9,11.02,3.904,32.7217842,-117.2084552,281.7,8.95
7346.8512,8.76,-20.1,13.88,-49.3,6.47,235.5,281.8,10.67,3.904,32.7217992,-117.2084987,281.6,8.68
7347.888,8.82,-20.1,13.94,-49.4,6.49,235.2,281.6,10.74,3.904,32.7218135,-117.2085422,279.8,8.76
7348.9248,8.75,-20.2,13.89,-49.3,6.5,235.3,281.7,10.74,3.904,32.7218298,-117.2085883,281.2,8.74
7349.9616,8.77,-20.1,13.97,-48.9,6.55,235.5,281.5,10.74,3.904,32.7218448,-117.2086317,280.1,8.71
7350.9984,8.66,-20.1,13.95,-48.7,6.6,236.1,281.4,9.16,3.904,32.721861,-117.2086793,279.7,8.55
7352.0352,8.55,-19.7,13.83,-47.4,6.53,236.9,281.3,9.11,3.904,32.721875,-117.2087218,279.8,8.59
7353.072,8.49,-19.4,13.68,-46.8,6.39,237.3,281.2,8.23,3.904,32.7218862,-117.2087638,278.9,8.61
7354.1088,8.58,-18.6,13.73,-45.6,6.28,238.5,281.2,8.18,3.904,32.7218992,-117.2088078,279,8.19
7355.0592,8.49,-18.2,13.63,-44.7,6.21,239.3,281.1,7.12,,32.7219102,-117.208849,278.7,8.25
7356.096,8.41,-17.6,13.52,-43.6,6.22,240.4,281.1,6.05,3.904,32.7219247,-117.2088967,279.8,8.48
7357.1328,8.33,-17.6,13.45,-43.1,6.1,240.6,281.1,5.58,3.904,32.7219412,-117.2089393,279.5,8.04
7358.1696,8.02,-17.4,13.41,-41.7,6.26,242.6,280.8,4.92,3.904,32.7219557,-117.208981,279.8,7.97
7359.2064,8.07,-17.1,13.49,-40.4,6.29,243.1,280.7,4.8,3.904,32.7219713,-117.2090242,279.2,7.94
7360.2432,7.89,-17.4,13.45,-40,6.41,243.4,280.6,5.07,3.904,32.7219845,-117.2090645,279.3,7.87
7361.28,7.86,-17.1,13.48,-39.1,6.44,244.3,280.5,4.58,3.904,32.721998,-117.2091038,278,7.66
7362.3168,7.63,-17.3,13.34,-38.8,6.5,244.5,280.4,4.75,3.904,32.7220095,-117.2091452,278.7,7.6
7363.2672,7.52,-17.4,13.25,-38.5,6.51,244.6,280.3,3.82,3.903,32.722021,-117.2091835,278.8,7.48
7364.304,7.41,-16.9,13.15,-37.3,6.47,245.7,280.2,3.56,3.903,32.7220335,-117.2092248,278.7,7.33
7365.3408,7.35,-16.4,13.09,-36.2,6.42,246.6,280.2,2.87,3.903,32.7220442,-117.2092632,279.2,7.31
7366.3776,7.19,-16.6,12.91,-36.2,6.39,246.5,280.2,2.79,3.903,32.7220552,-117.2093052,278.2,7.25
7367.4144,7.15,-17.1,12.79,-37.2,6.35,245.4,280.1,2.47,3.902,32.7220657,-117.2093413,278.3,7.09
7368.4512,7.04,-16.5,12.65,-36,6.26,246.6,280,2.61,3.902,32.7220753,-117.2093775,277.7,7.04
7369.488,6.98,-15.5,12.51,-34.3,6.11,248.2,279.9,2.95,3.902,32.7220867,-117.2094127,277.5,6.93
7370.5248,6.9,-15.1,12.45,-33.3,6.09,249.2,279.5,3.31,3.902,32.7220977,-117.2094483,276.8,6.89
7371.4752,6.85,-15.1,12.34,-33.5,6.03,249,279.2,3.64,3.902,32.7221122,-117.2094848,278.2,6.68
7372.5984,6.63,-15.9,12.07,-34.7,6.02,247.8,279,4.57,3.902,32.7221232,-117.2095208,276,6.67
7373.5488,6.7,-15.8,12.09,-34.9,5.97,247.5,279,4.93,3.902,32.7221338,-117.2095602,276.6,6.54
7374.672,6.56,-15.8,12,-34.4,6,248,278.9,5.17,3.902,32.7221433,-117.2095942,276.2,6.53
7375.6224,6.46,-15,11.87,-32.9,5.91,249.5,278.8,5.09,3.902,32.7221537,-117.2096283,277,6.41
7376.6592,6.4,-14.9,11.81,-32.6,5.91,249.7,278.7,4.91,3.902,32.7221645,-117.2096625,277.9,6.38
7377.696,6.37,-15.2,11.7,-33.3,5.84,248.9,278.4,4.87,3.902,32.7221765,-117.2096973,277.9,6.31
7378.7328,6.21,-14.9,11.66,-32,5.92,250,277.9,5.23,3.902,32.7221847,-117.209729,276.2,6.24
7379.7696,6.19,-14.1,11.75,-30.3,5.98,251.6,277.7,5.02,3.902,32.7221933,-117.20976,276.3,6.18
7380.8064,6.16,-13.7,11.8,-29.1,6.03,252.5,277.3,4.71,3.902,32.7222023,-117.209794,275.8,6.12
7381.8432,6.12,-12.9,11.69,-27.6,5.92,253.8,277,4.6,3.902,32.7222105,-117.2098232,274.3,6.12
7382.88,6.1,-12.8,11.62,-27.5,5.86,253.7,276.9,4.42,3.902,32.722217,-117.2098545,274.8,6
7383.8304,5.96,-13.4,11.6,-28.1,5.99,253,276.8,4.04,3.902,32.7222233,-117.2098857,274.5,5.96
7384.8672,5.94,-14,11.61,-29.2,6.05,251.7,276.7,4.04,3.902,32.7222318,-117.2099183,275.9,5.86
7385.904,5.87,-14.4,11.59,-29.7,6.12,251.1,276.7,4.04,3.902,32.7222383,-117.2099463,274.7,5.83
7386.9408,5.82,-15,11.55,-30.7,6.15,250,276.6,4.34,3.902,32.7222462,-117.2099763,276.7,5.82
7387.9776,5.79,-15.1,11.63,-30.7,6.27,250,276.5,4.68,3.902,32.7222558,-117.210007,276.7,5.8
7389.0144,5.81,-15,11.67,-30.5,6.28,250.1,276.4,5.39,3.902,32.7222648,-117.2100405,277.3,5.77
7390.0512,5.72,-14.7,11.57,-29.9,6.25,250.7,276.1,5.94,3.902,32.7222742,-117.21007,275.1,5.76
7391.0016,5.85,-14.4,11.53,-30,6.08,250.5,275.9,6.17,3.902,32.7222843,-117.2101003,276.7,5.81
7392.0384,5.81,-13.2,11.47,-27.9,6.01,252.5,275.8,6.12,3.902,32.7222912,-117.2101318,275.3,5.73
7393.0752,5.78,-11.7,11.41,-24.9,5.91,255.3,275.6,5.91,3.902,32.7222982,-117.2101613,273.4,5.78
7394.112,5.73,-10.6,11.35,-22.7,5.85,257.2,275.3,5.55,3.902,32.7223048,-117.2101922,273.9,5.68
7395.0624,5.56,-9.5,11.3,-20,5.92,259.6,275,4.28,3.901,32.7223122,-117.2102252,269.9,5.57
7396.1856,5.56,-7.8,11.39,-16.3,5.95,262.8,274.8,3.73,3.901,32.722319,-117.2102535,271.7,5.48
7397.136,5.38,-6.3,11.37,-13.1,6.07,265.7,274.7,2.76,3.901,32.722324,-117.2102832,269.6,5.36
7398.1728,5.28,-5.5,11.28,-11.3,6.06,267.2,274.8,1.91,3.9,32.7223277,-117.2103148,269.6,5.24
7399.2096,5.18,-4.7,11.15,-9.5,6.01,268.7,275.1,0.45,3.9,32.7223322,-117.2103402,270.2,5.07
7400.2464,5.03,-4.1,11.1,-8.3,6.1,269.7,275.4,0.2,3.9,32.722339,-117.2103693,271.2,4.81
7401.2832,4.89,-3.7,11.03,-7.4,6.17,270.6,275.6,-0.23,3.9,32.7223452,-117.2103922,272.1,4.82
7402.32,4.78,-3.1,10.84,-6.2,6.08,271.6,275.6,-0.36,3.9,32.7223515,-117.2104215,269.8,4.71
7403.3568,4.7,-2.5,10.64,-4.9,5.94,272.7,275.9,-0.98,3.9,32.7223548,-117.2104445,268.7,4.61
7404.3072,4.54,-2.1,10.4,-4.1,5.87,273.4,276.3,-1.8,3.899,32.7223575,-117.2104685,269.6,4.47
7405.344,4.39,-2.6,10.24,-4.8,5.86,272.5,276.7,-2.14,3.899,32.7223622,-117.2104955,270.4,4.18
7406.4672,4.24,-3.4,10.04,-6.1,5.82,271.2,277.3,-2.55,3.899,32.7223663,-117.2105192,273.6,4.19
7407.4176,4.15,-4.4,9.88,-7.9,5.75,269.5,277.7,-2.51,3.899,32.7223715,-117.2105433,275.8,4.13
7408.4544,4.04,-5.4,9.68,-9.6,5.67,267.9,277.7,-2.23,3.898,32.7223773,-117.2105652,278.1,3.97
7409.4912,3.93,-5.7,9.46,-10.1,5.56,267.4,277.4,-2.34,3.898,32.7223838,-117.2105857,283.8,3.88
7410.528,3.93,-5.4,9.39,-9.6,5.5,267.8,276.2,-2.34,3.898,32.722393,-117.2106063,288.2,3.89
7411.5648,3.86,-5.4,9.36,-9.2,5.53,267.7,273.6,-2.34,3.898,32.7224008,-117.2106238,285.8,3.79
7412.5152,3.72,-5.4,9.24,-8.9,5.54,266.9,271.2,-2.47,3.898,32.7224078,-117.2106448,283.1,3.67
7413.6384,3.74,-5.2,9.29,-8.4,5.57,265.4,268.4,-2.76,3.897,32.7224128,-117.2106623,281.6,3.65
7414.6752,3.56,-4.4,9.2,-6.8,5.65,264.8,266.2,-2.84,3.896,32.7224183,-117.2106787,278.7,3.52
7415.6256,3.5,-3.4,9.19,-5.1,5.7,264.1,263.8,-3.22,3.896,32.7224248,-117.2106978,278.8,3.51
7416.6624,3.03,-1.4,8.89,-1.3,5.86,264.7,260.8,-3.38,3.897,32.7224288,-117.2107152,274.6,3.4
7417.6992,3.33,0.1,9.12,1,5.79,264.4,258.3,-3.57,3.899,32.7224332,-117.2107303,273.3,3.28
7418.6496,3.19,1.4,9.02,3.2,5.83,263.9,256,-3.76,3.899,32.7224367,-117.2107475,269.6,3.18
7419.7728,3.14,2.4,8.91,5,5.78,262.8,253.4,-4.43,3.899,32.7224398,-117.210767,267.7,3.19
7420.7232,3.02,3.2,8.8,6.4,5.79,261.2,250.9,-4.66,3.899,32.72244,-117.2107823,262.9,3.13
7421.76,3.05,4,8.78,8.2,5.75,259.6,248.3,-5.45,3.898,32.7224395,-117.2108027,260.2,3.06
7422.7968,3.04,5.1,8.74,10.3,5.73,258.4,245.6,-6.45,3.898,32.7224395,-117.2108225,258.6,3.07
7423.92,3.16,6.2,8.77,12.4,5.65,257.1,242.7,-7.19,3.898,32.7224397,-117.2108408,258.1,2.93
7424.8704,2.93,8.2,8.46,15.8,5.6,256.8,239.7,-7.67,3.898,32.7224385,-117.2108587,257.7,2.91
7425.9072,3.17,9.4,8.6,17.8,5.52,256,236.5,-7.75,3.898,32.7224363,-117.2108797,253.1,3.18
7426.944,3.33,11.7,8.66,21.7,5.48,256.7,233,-7.85,3.898,32.7224333,-117.2109007,250,3.24
7427.9808,3.33,14,8.52,25.6,5.39,257.4,230.1,-8,3.898,32.722429,-117.2109215,244.5,3.64
7429.0176,3.5,17.1,8.38,31.3,5.19,259.7,225.9,-8.17,3.898,32.722424,-117.21094,242,3.69
7430.0544,3.61,20.6,8.21,37.9,5.05,263.3,223,-8.03,3.897,32.7224172,-117.2109595,235.3,3.6
7431.0048,3.64,24.1,7.9,44.6,4.88,267.1,220.3,-8.2,3.897,32.7224093,-117.2109793,230,3.66
7432.128,3.67,26.2,7.6,49.4,4.68,269.1,217.4,-8.41,3.897,32.7224007,-117.210999,226.3,3.73
7433.1648,3.63,25.9,7.33,49.9,4.45,267,215.2,-8.99,3.897,32.7223907,-117.2110188,224.1,3.84
7434.2016,3.89,25,7.46,50.2,4.34,265.1,212.8,-8.88,3.897,32.7223803,-117.2110357,218.6,3.95
7435.152,3.99,24.9,7.61,50.1,4.41,262.9,210.8,-9.15,3.897,32.7223645,-117.2110538,214.6,4.34
7436.2752,4.13,25,7.82,50.5,4.51,261.7,209.3,-9.33,3.897,32.7223515,-117.2110698,212.2,4.16
7437.2256,4.13,25.9,7.94,51.3,4.68,261.1,208.1,-9.77,3.897,32.7223373,-117.2110873,211.5,4.3
7438.2624,4.72,25.9,8.61,53,4.9,261.9,206.7,-9.8,3.897,32.722322,-117.2111015,209.8,4.64
7439.2128,4.29,29.1,8.36,55.5,5.15,262.6,205.3,-9.67,3.897,32.7223042,-117.2111173,205.4,4.52
7440.336,3.99,31.4,8.29,56.8,5.4,262.5,204.5,-9.71,3.897,32.7222853,-117.2111292,201.8,4.92
7441.3728,4.48,30.6,8.9,56.9,5.62,262.2,204,-10.04,3.897,32.7222668,-117.2111417,200.1,4.56
7442.4096,4.71,30.1,9.25,56.5,5.77,261.2,203.8,-10.55,3.897,32.7222472,-117.2111557,199.2,4.72
7443.4464,4.72,29.8,9.34,55.8,5.83,260,203.6,-11.11,3.897,32.72223,-117.2111702,201,4.73
7444.4832,4.82,29.2,9.46,55,5.84,258.9,203.5,-11.07,3.897,32.7222103,-117.2111852,201.6,4.87
7445.4336,4.91,29,9.57,55.1,5.87,258.7,203.3,-11.1,3.897,32.722189,-117.2112028,201.8,4.59
7446.5568,5.13,28.7,9.76,55.4,5.88,258.7,202.8,-10.91,3.897,32.7221705,-117.2112175,201.1,5.01
7447.5072,5.18,29.3,9.81,56.4,5.95,259.5,202.7,-10.79,3.897,32.7221498,-117.211233,199.8,5.28
7448.6304,5.24,30.5,9.77,58.8,5.97,261.5,202.5,-11.1,3.897,32.7221277,-117.2112485,199.5,5.29
7449.5808,5.24,31.8,9.75,60.9,6.05,263.3,202.3,-11.36,3.897,32.7221083,-117.2112615,198.8,5.21
7450.6176,5.19,31.8,9.68,60.9,6.03,263,202.1,-11.71,3.897,32.7220815,-117.211279,198.7,5.36
7451.6544,5.17,31.6,9.66,60.6,6.01,262.4,201.9,-11.94,3.897,32.7220578,-117.2112958,199.2,5.23
7452.6912,5.48,30.6,9.79,61,5.88,262.6,201.8,-12.5,3.897,32.7220352,-117.2113097,200,5.45
7453.728,5.62,30.2,9.93,60.9,5.9,262.4,201.5,-12.32,3.897,32.7220132,-117.2113245,200.1,5.56
7454.7648,5.49,31.1,9.75,62.1,5.88,263.3,201.2,-12.31,3.897,32.7219892,-117.2113412,199.6,5.79
7455.7152,5.66,31.6,9.81,63.8,5.89,264.9,200.9,-12.35,3.897,32.7219665,-117.2113578,199.3,5.72
7456.8384,5.77,32.1,9.77,65.7,5.86,266.5,200.6,-12.48,3.897,32.7219408,-117.2113753,198.7,5.93
7457.8752,5.83,31.6,9.73,65.8,5.75,266.3,200.3,-12.6,3.897,32.7219183,-117.2113915,198.8,5.53
7458.912,5.86,31.1,9.67,65.6,5.65,265.8,200,-12.47,3.897,32.7218912,-117.211409,197.9,5.86
7459.8624,5.94,29.4,9.83,63,5.58,263,199.7,-12.59,3.897,32.7218665,-117.2114278,198.4,5.62
7460.9856,6.08,27.9,10.01,60.9,5.53,260.6,199.3,-12.39,3.897,32.7218435,-117.2114457,198,5.66
7461.936,6,27.5,9.96,59.8,5.48,259.2,199.1,-12.39,3.897,32.7218182,-117.211461,198.2,6.1
7462.9728,6.02,26.3,10.11,57.3,5.5,256.4,198.8,-11.76,3.897,32.7217923,-117.2114752,196.8,6.13
7463.9232,6.35,25,10.42,56.3,5.45,255.3,198.6,-11.84,3.897,32.7217647,-117.2114923,197.1,6.13
7465.0464,6.14,24.8,10.28,54.9,5.43,253.6,198.4,-11.74,3.897,32.7217398,-117.2115063,196.4,6.2
7466.0832,6.45,24.6,10.48,56.1,5.41,254.6,198.1,-11.75,3.897,32.7217128,-117.211524,195.3,6.19
7467.12,6.13,25.1,10.16,55.9,5.37,254.1,198,-12.19,3.897,32.7216883,-117.2115382,196.5,6.06
7468.1568,6.07,23.7,10.21,53,5.33,250.8,197.9,-12.11,3.897,32.7216637,-117.211554,197.3,6.05
7469.1936,6.19,21.2,10.36,48.8,5.17,246.4,197.7,-11.77,3.897,32.7216395,-117.211572,197.1,6.07
7470.144,6.03,19.8,10.23,45.6,5.06,243,197.6,-11.33,3.897,32.7216127,-117.2115912,197.7,5.37
7471.2672,5.71,18.6,9.84,42.7,4.84,239.8,197.4,-10.46,3.897,32.7215883,-117.2116083,198.3,5.99
7472.2176,5.99,16.9,9.98,40.8,4.64,237.9,197.3,-10.1,3.897,32.7215648,-117.211625,196.6,5.93
7473.3408,5.86,17.2,9.79,41.2,4.59,238.1,197.1,-10.1,3.897,32.721541,-117.2116398,196.3,5.9
7474.2912,5.93,18.3,9.69,44.5,4.52,241.3,197,-10.12,3.897,32.721516,-117.2116547,195.6,5.93
7475.328,5.77,22.1,9.43,51.6,4.69,248.3,196.9,-10.66,3.897,32.721493,-117.2116673,195.7,5.92
7476.3648,5.92,24.9,9.42,57.8,4.82,254.4,196.7,-10.71,3.897,32.721468,-117.2116822,195,5.7
7477.4016,5.97,27.1,9.36,62.4,4.96,258.9,196.6,-11.37,3.897,32.72144,-117.2116967,195.3,5.95
7478.4384,5.91,29.7,9.15,67.2,5.05,263.5,196.4,-11.65,3.897,32.7214142,-117.2117092,193.3,5.94
7479.4752,5.91,32,9.02,71.4,5.18,267.5,196.3,-12.79,3.897,32.7213883,-117.2117203,194.8,6.33
7480.512,5.97,32.5,9.05,72.5,5.24,268.4,196.1,-12.97,3.897,32.7213613,-117.2117447,192.8,5.93
7481.5488,6.01,32.8,9.25,72,5.41,267.7,196.1,-13.32,3.898,32.7213358,-117.2117578,193.7,6.05
7482.4992,6.05,32.5,9.49,70.4,5.56,266,196.3,-13.43,3.898,32.7213105,-117.211773,195.2,6
7483.536,6.18,32.1,9.88,68.8,5.79,264.3,196.4,-13.42,3.898,32.7212825,-117.21179,195.8,5.79
7484.6592,5.99,32.5,9.92,67.4,5.93,262.8,196.3,-13.39,3.898,32.7212575,-117.211803,196.6,6.28
7485.696,6.05,32.4,10.16,66.5,6.1,261.8,196.1,-13.12,3.898,32.7212323,-117.2118147,196.4,6.3
7486.6464,6.03,32.3,10.22,65.9,6.15,261,196,-13.09,3.898,32.7212077,-117.2118313,196.2,6.11
7487.6832,6.07,32,10.28,65.5,6.15,260.6,195.9,-12.91,3.898,32.7211835,-117.2118495,197.2,5.79
7488.6336,5.99,31.5,10.2,64.6,6.07,259.5,195.8,-12.5,3.898,32.7211557,-117.2118673,196.8,5.97
7489.7568,5.96,29.8,10.15,62,5.88,256.8,195.8,-12.28,3.898,32.7211302,-117.2118838,196.6,5.99
7490.7936,6.42,26.4,10.54,58.6,5.66,253.4,195.7,-11.92,3.898,32.7211028,-117.2119015,196.7,6.14
7491.8304,6.01,24.9,10.33,54,5.58,248.5,195.6,-12.04,3.898,32.7210775,-117.2119172,196.6,6.01
7492.8672,5.96,23.1,10.48,49.9,5.59,244.3,195.6,-11.81,3.898,32.721052,-117.2119312,195.6,5.7
7493.904,5.93,22.2,10.58,47.7,5.64,241.9,195.5,-12.29,3.898,32.7210278,-117.2119468,196.5,5.98
7494.8544,5.98,21.5,10.69,46.3,5.65,240.4,195.5,-12.54,3.898,32.721001,-117.2119627,195.5,6.03
7495.9776,6.02,21.5,10.81,46.3,5.74,240.2,195.4,-12.78,3.898,32.7209768,-117.2119768,193.9,5.98
7496.928,6.03,22.9,10.86,48.6,5.89,242.4,195.3,-13.57,3.898,32.7209503,-117.2119905,193.1,6.07
7497.9648,5.96,23.6,10.78,49.8,5.93,243.4,195.4,-14.5,3.898,32.7209257,-117.2120037,194.3,6.07
7499.0016,6.01,23.7,10.85,50,5.96,243.5,195.6,-14.82,3.898,32.7209013,-117.2120197,194.9,6.1
7500.0384,6.04,23.3,10.92,49.2,5.97,242.7,195.8,-14.58,3.898,32.7208767,-117.2120337,194.4,6.04
7501.0752,6.09,23.2,11.01,49.1,6.01,242.6,196.2,-14.31,3.898,32.7208538,-117.2120468,194.8,5.99
7502.112,6.02,23.2,11.04,48.4,6.08,241.9,196.8,-14.04,3.898,32.7208282,-117.2120625,195.6,5.8
7503.1488,6.06,23.3,11.25,47.9,6.25,241.6,197.2,-13.83,3.898,32.7208038,-117.2120777,197.8,5.94
7504.1856,5.96,23.2,11.37,46.8,6.42,240.5,197.5,-13.51,3.898,32.7207793,-117.2120952,198.4,5.86
7505.2224,5.85,22.9,11.44,45.3,6.54,239,197.6,-12.95,3.898,32.7207533,-117.2121123,197.6,5.83
7506.2592,5.81,23.2,11.56,45.2,6.71,239,197.8,-12.98,3.898,32.7207307,-117.2121282,198.9,5.75
7507.296,5.72,24.1,11.45,46.5,6.73,240.4,197.9,-12.59,3.898,32.720708,-117.2121438,197.3,5.72
7508.3328,5.55,24.3,11.34,46.2,6.77,240.1,198.3,-12.72,3.898,32.7206838,-117.2121638,199.8,5.45
7509.2832,5.52,24.4,11.36,46,6.81,240,198.5,-13.43,3.898,32.7206623,-117.2121795,201.8,5.45
7510.32,5.56,24.8,11.37,46.9,6.82,241,198.2,-12.58,3.898,32.7206422,-117.2121953,200.2,5.39
7511.3568,5.19,25.3,11.17,46.3,6.94,240.2,198.2,-12.65,3.898,32.7206222,-117.2122098,200.6,5.27
7512.3936,5.27,24.9,11.21,46,6.88,240,198.1,-12.76,3.898,32.720601,-117.2122278,200.7,5.31
7513.4304,5.24,24.2,11.17,44.8,6.82,238.9,197.8,-11.99,3.898,32.720575,-117.2122442,198.7,5.29
7514.4672,5.02,24.5,11.14,44.1,6.98,238.1,197.7,-12.43,3.898,32.7205552,-117.2122607,201.6,4.91
7515.4176,5.03,23.9,11.13,43.2,6.92,237.3,197.4,-11.89,3.898,32.7205365,-117.2122727,199.9,4.97
7516.5408,5.26,23,11.41,42.2,6.96,236.5,197.1,-11.01,3.898,32.7205122,-117.2122873,198.4,4.78
7517.4912,4.81,23.8,11,42.3,6.95,236.3,196.9,-11.45,3.898,32.7204923,-117.2123032,199.7,4.64
7518.528,4.81,24.6,10.92,43.6,6.92,237.6,196.6,-10.92,3.898,32.7204718,-117.2123177,198.1,4.78
7519.5648,4.71,25.1,10.91,44,7.02,237.8,196.4,-11.29,3.898,32.7204522,-117.2123305,197.6,4.45
7520.6016,4.8,25,10.98,44.1,7.01,237.8,196.2,-11.2,3.898,32.7204285,-117.2123422,195.3,4.65
7521.6384,4.73,24.6,11.02,43.1,7.08,236.7,196.2,-11.79,3.898,32.7204103,-117.2123538,197.9,4.24
7522.6752,4.46,25.1,10.83,43.2,7.13,236.4,195.8,-11.78,3.898,32.7203922,-117.2123655,197.3,4.62
7523.6256,4.42,24.8,10.98,42.1,7.3,235.3,195.7,-11.48,3.898,32.7203692,-117.2123743,198,4.31
7524.7488,4.61,24.7,11.24,42.3,7.39,235.6,195.5,-11.68,3.898,32.7203525,-117.2123848,197.3,4.65
7525.6992,4.62,24.7,11.28,42.1,7.42,235.3,195,-11.29,3.898,32.7203318,-117.2123988,195.8,4.81
7526.8224,4.6,24.4,11.3,41.7,7.44,234.6,194.5,-11.62,3.898,32.7203128,-117.2124145,195.5,4.45
7527.7728,4.63,24.5,11.36,41.8,7.48,234.4,193.9,-12.02,3.898,32.720296,-117.2124262,193.6,4.44
7528.8096,4.59,25.7,11.27,43.7,7.49,235.9,193.3,-12.37,3.898,32.7202778,-117.2124375,191.8,4.79
7529.8464,4.8,26.4,11.29,45.8,7.4,237.7,192.9,-12.39,3.898,32.7202563,-117.2124487,187.1,4.74
7530.8832,4.73,27.8,11.16,47.8,7.41,239.4,193.1,-13.39,3.898,32.7202357,-117.212458,188.4,4.78
7531.92,4.94,28.3,11.08,49.9,7.23,241.3,193.2,-13.9,3.898,32.7202123,-117.2124713,189.9,4.9
7532.9568,4.94,27.5,10.87,49.2,6.98,240.5,193.2,-13.99,3.898,32.7201893,-117.212484,189.8,5.04
7533.9936,5.03,26.1,10.85,47.7,6.8,238.8,193.2,-13.9,3.898,32.7201685,-117.2124963,190.2,5.34
7534.944,5.1,24.4,10.93,45.3,6.72,236.3,193.3,-14.12,3.898,32.7201475,-117.2125065,191,5.39
7535.9808,5.23,23,10.93,43.8,6.54,234.7,193.2,-13.69,3.898,32.7201247,-117.212516,189.7,5.12
7537.0176,5.17,22.6,11.01,42.7,6.64,233.5,193.4,-13.83,3.898,32.7201015,-117.2125268,189.1,5.21
7538.0544,5.37,22.8,11.2,43.7,6.68,234.5,193.6,-14.9,3.898,32.7200812,-117.2125358,191.6,5.47
7539.0048,5.09,24,11.02,44.6,6.8,235.1,193.6,-14.88,3.898,32.7200563,-117.2125485,190.4,5.16
7540.128,5.58,22.6,11.5,43.6,6.79,234.3,193.8,-15.26,3.898,32.7200312,-117.2125582,188.5,5.58
7541.1648,5.63,22.1,11.5,43.2,6.73,233.8,194.3,-16.64,3.898,32.7200068,-117.212568,192.9,5.62
7542.1152,5.45,22.2,11.31,43,6.69,233.4,194.2,-16.55,3.898,32.7199842,-117.2125772,192.8,5.63
7543.152,5.89,21,11.79,41.9,6.73,232.6,194.1,-16.72,3.898,32.7199605,-117.2125885,192.8,6.06
7544.1888,5.69,21.3,11.75,41.8,6.87,232.1,194.2,-17.32,3.898,32.7199333,-117.2126,192.2,5.85
7545.2256,5.96,21,11.99,41.9,6.87,232.3,194.2,-18,3.898,32.7199103,-117.2126103,193.4,6.02
7546.2624,6.11,20.8,12.15,41.9,6.89,232.4,193.9,-17.62,3.898,32.7198822,-117.2126227,190.7,6.1
7547.2992,6.43,20.5,12.48,42.1,6.94,232.7,193.9,-18.97,3.898,32.7198552,-117.2126372,193.7,6.45
7548.336,6.42,20.5,12.36,42.4,6.84,232.8,193.4,-18.58,3.899,32.719827,-117.2126515,190.1,6.43
7549.3728,6.74,19,12.66,40.6,6.75,231.1,193.4,-18.9,3.9,32.719798,-117.2126635,191.6,6.52
7550.4096,6.8,17.9,12.66,38.9,6.62,229.3,193.5,-19.03,3.9,32.7197685,-117.2126778,191.9,6.73
7551.4464,6.72,17.2,12.51,37.7,6.5,228.1,193.5,-18.59,3.9,32.7197365,-117.2126968,190.8,6.71
7552.4832,6.85,17.6,12.56,38.8,6.46,229.3,193.9,-19.04,3.9,32.7197073,-117.2127082,193.4,6.88
7553.52,6.74,17.8,12.49,38.8,6.5,229.2,194,-18.79,3.9,32.7196762,-117.2127218,194.2,6.91
7554.5568,6.95,17.3,12.68,38.5,6.47,229,194,-18.11,3.9,32.7196493,-117.2127372,193.6,7.11
7555.5072,7.09,17.3,12.81,38.6,6.47,229.2,194,-17.8,3.9,32.719619,-117.2127528,193.4,7.06
7556.544,7.12,17.8,12.73,40,6.42,230.8,194.1,-18.15,3.9,32.7195893,-117.2127682,194.7,7.08
7557.5808,7.26,18.2,12.79,41.3,6.4,232.1,194,-17.13,3.9,32.719556,-117.2127862,192.7,7.04
7558.6176,7.12,18.7,12.8,41.4,6.56,232.2,194.1,-17.78,3.9,32.7195263,-117.2128018,195.2,7.16
7559.6544,7.17,19,12.76,42.3,6.5,233.2,194.1,-17.09,3.9,32.719498,-117.2128172,193.6,7.16
7560.6912,7.17,19.5,12.84,42.8,6.61,233.8,194.1,-16.54,3.9,32.719464,-117.2128357,193.4,7.17
7561.728,7.2,20.2,12.88,44,6.69,235.1,194.4,-16.78,3.9,32.7194328,-117.2128537,194.6,7.27
7562.7648,7.09,21.4,12.74,46,6.75,237.1,194.5,-15.98,3.9,32.7194038,-117.2128715,194.3,7.18
7563.7152,7.21,22.1,12.83,47.6,6.81,238.9,194.6,-15.68,3.9,32.7193737,-117.2128875,193.9,7.09
7564.8384,7.29,22.8,12.91,48.9,6.89,240.3,194.8,-15.69,3.9,32.7193427,-117.2129048,194.3,7.15
7565.8752,7.25,23.8,12.7,51,6.82,242.5,194.9,-15.41,3.9,32.7193135,-117.2129227,193.8,7.18
7566.8256,7.13,24.2,12.59,51.3,6.83,242.9,195,-15.31,3.9,32.7192825,-117.2129385,194.2,7.16
7567.8624,7.12,23.9,12.56,51,6.83,242.5,195.2,-15.57,3.9,32.7192502,-117.2129595,196,7.1
7568.8992,7.13,23.9,12.37,51.6,6.61,243.3,195.2,-14.61,3.9,32.7192207,-117.2129778,195,6.96
7569.936,7.14,23.7,12.35,51.4,6.56,243.2,195.3,-14.26,3.9,32.7191908,-117.2129955,195.5,7.12
7570.9728,7.38,23.2,12.48,51.5,6.47,243.6,195.3,-13.86,3.9,32.7191613,-117.213017,196.5,7.18
7572.0096,7.13,23.6,12.08,51.9,6.37,244.2,195.4,-13,3.9,32.7191333,-117.2130385,195.8,7.12
7572.96,7.01,23.9,11.96,52.3,6.31,244.5,195.6,-12.65,3.9,32.7191005,-117.2130605,196.4,7
7574.0832,6.84,24.2,11.77,52.3,6.27,244.6,195.7,-12.03,3.9,32.7190715,-117.21308,196.5,6.95
7575.0336,6.95,23.5,11.76,51.9,6.12,244.4,195.7,-11.58,3.9,32.7190403,-117.2130968,196.7,6.85
7576.0704,7.06,22.8,11.77,51.6,6.06,244,195.7,-10.95,3.9,32.7190075,-117.2131152,196,7.31
7577.1072,6.85,23.3,11.47,52,5.9,244.7,195.8,-10.83,3.9,32.7189793,-117.2131308,196.8,6.89
7578.144,6.71,23.8,11.27,52.7,5.86,245.5,195.7,-10.43,3.9,32.718951,-117.2131493,197.1,6.75
7579.1808,6.72,23.9,11.35,52.6,5.94,245.5,195.7,-10.35,3.9,32.7189243,-117.2131665,197.3,6.66
7580.1312,6.73,24.6,11.23,54.5,5.89,247.4,195.5,-9.99,3.9,32.7188933,-117.213186,196,6.76
7581.2544,6.75,25.4,11.24,55.8,5.96,248.8,195.3,-10.04,3.9,32.7188643,-117.2131995,195.4,6.58
7582.2912,6.58,26.6,11.08,57.2,6.04,250.1,195.1,-10.61,3.9,32.718835,-117.2132165,196.7,6.73
7583.2416,6.4,27.1,10.87,57.6,6.03,250.6,194.8,-10.43,3.9,32.718804,-117.2132357,195.1,6.59
7584.3648,6.62,26.6,10.97,57.7,5.98,251.1,194.7,-10.65,3.9,32.7187757,-117.2132523,194.7,6.62
7585.3152,6.57,26.6,10.85,58.3,5.84,251.2,194.5,-10.93,3.9,32.7187477,-117.2132695,194.9,6.62
7586.4384,6.57,26.3,10.88,57.7,5.84,250.6,194.2,-11.01,3.9,32.7187163,-117.2132865,194.9,6.39
7587.3888,6.61,26.3,10.9,57.9,5.84,250.7,194,-10.5,,32.7186895,-117.2133013,193,6.63
7588.4256,6.58,26.1,10.98,57.5,5.87,249.8,193.9,-10.99,3.9,32.7186635,-117.213319,195.1,6.63
7589.4624,6.56,26.1,10.97,56.9,5.91,249.7,193.5,-10.64,3.9,32.7186382,-117.2133345,194.3,6.59
7590.4992,6.49,26.5,11.04,56.9,5.99,249.3,193.2,-10.31,3.9,32.7186133,-117.2133503,193,6.54
7591.536,6.64,26.1,11.13,56.7,6.01,249.4,192.8,-10.53,3.9,32.7185848,-117.213367,193,6.41
7592.4864,6.63,25.5,11.11,55.7,5.92,248.1,192.5,-10.42,3.9,32.718559,-117.2133823,192,6.54
7593.5232,6.17,26.3,10.71,55.3,5.9,247.6,192.2,-10.56,3.899,32.7185312,-117.2133977,192.8,6.49
7594.56,6.42,26.1,10.93,55.6,5.94,248.1,191.9,-10.2,3.898,32.7185028,-117.2134092,191.5,6.41
7595.5104,6.49,26,11.04,55.9,5.98,247.7,191.7,-10,3.898,32.718471,-117.213422,190.5,6.41
7596.6336,6.46,26.4,10.95,56.1,5.99,248.4,191.6,-10.18,3.898,32.7184435,-117.2134363,190.6,6.48
7597.6704,6.39,26.7,10.86,56.8,5.96,248.6,191.6,-10.13,3.898,32.7184158,-117.2134495,190.2,6.41
7598.7072,6.65,26.9,11.16,57.3,6.08,249.5,191.5,-10.1,3.898,32.7183885,-117.2134623,189.5,6.73
7599.6576,6.37,27.5,10.92,58,6.09,249.3,191.4,-10.27,3.898,32.7183598,-117.2134753,190,6.32
7600.6944,6.06,28,10.75,57,6.17,248.3,191.4,-10.05,3.898,32.7183333,-117.2134875,189.4,6.27
7601.8176,6.35,26.5,11.04,55.5,6.12,246.7,191.4,-10.52,3.897,32.718306,-117.2134988,190,6.31
7602.768,6.35,26,11.13,55,6.12,245.3,191.3,-10.49,3.897,32.7182768,-117.2135123,190.9,6.33
7603.8048,6.33,25.8,11.17,53.9,6.18,244.6,191.2,-10.41,3.898,32.718249,-117.2135248,190,6.28
7604.8416,6.25,25.9,11.09,53.7,6.18,244.5,191.2,-10.42,3.898,32.7182212,-117.2135387,189.6,6.2
7605.8784,6.26,26.4,11.16,53.9,6.26,244.9,191,-10.63,3.897,32.7181942,-117.2135518,189.5,6.24
7606.9152,5.8,27.3,10.77,54,6.29,244.4,190.9,-10.73,3.897,32.718167,-117.213565,190,6.22
7607.952,6.18,26.4,11.16,53.7,6.3,244.1,190.8,-10.81,3.897,32.7181383,-117.2135783,189.6,6.22
7608.9888,6.23,26.8,11.19,54.5,6.36,244.8,190.6,-10.89,3.897,32.7181117,-117.21359,189.6,6.2
7610.0256,6.16,27.3,11.15,55.1,6.41,245.3,190.6,-10.94,3.898,32.718084,-117.2136018,188.8,6.14
7610.976,6.15,28.2,11.03,56.5,6.41,246.9,190.4,-11.32,3.898,32.7180547,-117.2136147,188.8,6.14
7612.0128,6.1,28.4,11.04,56.8,6.44,246.7,190.4,-11.47,3.898,32.7180288,-117.2136247,189.2,6.47
7613.0496,6.21,28.2,11.26,56.5,6.56,246.2,190.2,-12.15,3.897,32.718002,-117.2136338,189.4,6.18
7614.0864,6.18,27.4,11.32,54.8,6.57,244.4,190.1,-12.04,3.897,32.717975,-117.2136477,188,6.14
7615.1232,,27.5,11.43,54.6,6.68,244.1,190,-12.33,3.897,32.7179472,-117.2136622,188.8,6.23
7616.16,6.31,27.9,11.61,55.1,6.76,244.6,189.7,-12.97,3.897,32.71792,-117.2136753,187.8,6.2
7617.1968,6.35,27.9,11.65,55.6,6.81,244.7,189.6,-13.32,3.898,32.7178885,-117.2136857,187.9,6.35
7618.2336,6.36,27.5,11.82,55.2,6.88,243.3,189.5,-13.66,3.897,32.7178608,-117.213697,188,6.38
7619.2704,6.35,27.1,11.87,53.5,6.94,242.3,189.4,-13.55,3.898,32.7178333,-117.2137122,186.6,6.41
7620.2208,6.49,27.7,11.9,55.2,6.94,244,189.4,-13.4,3.898,32.7178047,-117.2137213,185.1,6.49
7621.2576,6.62,28.9,11.66,59,6.77,247.6,190.2,-14.13,3.898,32.7177758,-117.2137347,186.3,6.62
7622.2944,6.54,29.4,11.53,59.7,6.75,248.3,190.4,-14.51,3.897,32.7177447,-117.2137465,187.6,6.56
7623.3312,6.57,29.6,11.24,61.8,6.6,250.1,191.1,-15.03,3.898,32.7177152,-117.2137587,186.9,6.58
7624.368,6.55,29.5,11.2,61.4,6.48,249.9,191.4,-15.7,3.897,32.717687,-117.2137713,188.9,6.52
7625.4048,6.59,29.1,11.22,61.1,6.43,249.6,191.7,-16.42,3.897,32.717656,-117.2137882,190.8,6.65
7626.4416,6.62,28.6,11.35,60.1,6.49,248.6,191.7,-15.93,3.898,32.7176283,-117.2138023,190.4,6.6
7627.4784,6.9,27.3,11.68,58.6,6.5,247.2,191.7,-16.22,3.898,32.7176003,-117.2138188,191.4,6.7
7628.4288,6.67,27.3,11.53,58,6.47,246.1,191.7,-15.88,3.898,32.7175712,-117.2138333,191.5,6.75
7629.4656,6.74,26.8,11.61,56.9,6.47,245.4,191.6,-15.86,3.897,32.7175418,-117.2138465,190.4,6.68
7630.5888,6.78,25.9,11.67,55.5,6.41,244.1,191.7,-15.86,3.898,32.71751,-117.2138612,190.9,6.78
7631.5392,6.77,25.2,11.65,54.5,6.34,243,191.8,-15.86,3.898,32.7174817,-117.2138765,192.4,6.82
7632.4896,6.81,24.7,11.51,54.6,6.13,243.2,191.7,-15.42,3.898,32.7174492,-117.2138925,190.6,6.79
7633.6128,6.78,24.6,11.43,54.6,6.07,243.2,191.8,-15.4,3.898,32.717421,-117.2139085,192,6.92
7634.6496,6.81,24.3,11.42,54.3,6.02,242.9,191.8,-15.31,3.898,32.7173908,-117.2139215,190.3,6.5
7635.6864,6.86,23.5,11.55,52.7,6.02,241.3,191.7,-14.96,3.898,32.717361,-117.2139357,190.2,6.83
7636.6368,6.86,22.7,11.64,51,6.03,239.6,191.8,-15.43,3.898,32.7173318,-117.2139527,191.8,6.88
7637.6736,6.81,22.6,11.64,50.3,6.05,239,191.8,-15.37,3.898,32.7173003,-117.2139707,190.8,6.85
7638.7968,6.79,22.7,11.67,50.2,6.1,238.9,191.8,-15.23,3.898,32.717272,-117.2139858,190.6,6.46
7639.7472,6.73,22.9,11.69,50.1,6.17,238.8,191.9,-15.22,3.898,32.717241,-117.2140007,191,6.9
7640.784,6.85,22.7,11.78,50.2,6.16,238.9,192,-15.28,3.898,32.7172122,-117.2140148,191.8,7.09
7641.8208,6.92,23.1,11.83,51.3,6.2,240.1,192.1,-15.37,3.898,32.7171842,-117.2140312,191.6,6.78
7642.8576,6.85,23.8,11.72,52.4,6.2,241.2,192.1,-15.32,3.898,32.7171565,-117.2140453,192,6.84
7643.8944,6.9,24,11.66,53.3,6.14,242.2,192.2,-15.41,3.898,32.717125,-117.2140603,192.3,6.87
7644.9312,6.81,24.6,11.53,54.3,6.14,243.2,192.4,-15.41,3.898,32.7170962,-117.2140748,192.5,6.88
7645.968,7,24.5,11.54,55.4,6.03,244.5,192.5,-15.41,3.897,32.717065,-117.2140898,192.7,6.89
7647.0048,6.74,25.5,11.24,56.4,6.01,245.5,192.7,-15,3.898,32.7170362,-117.2141043,194,6.8
7648.0416,6.81,26.1,11.21,58.1,6,247.3,192.9,-14.84,3.898,32.7170067,-117.2141182,194,6.64
7648.992,6.71,26.1,11.12,57.7,5.98,247.1,193,-13.26,3.897,32.7169768,-117.2141308,193.9,6.69
7650.0288,6.71,25.7,11.03,57.1,5.9,246.9,193.2,-12.35,3.898,32.7169485,-117.214146,194,6.7
7651.152,6.62,25.8,10.9,57.4,5.8,247.1,193.3,-12.07,3.898,32.716918,-117.2141618,193.4,6.57
7652.1024,6.47,26.3,10.65,58.3,5.72,248,193.5,-11.99,3.898,32.7168915,-117.2141748,194.8,6.3
7653.1392,6.54,26.1,10.61,58.6,5.62,248.6,193.5,-11.21,3.898,32.7168618,-117.2141908,193.8,6.46
7654.176,6.48,25.5,10.41,58.3,5.42,248.4,193.6,-11.05,3.898,32.7168342,-117.2142037,193.2,6.42
7655.2128,6.37,25.3,10.3,57.6,5.37,247.7,193.8,-11,3.897,32.7168067,-117.2142213,194.1,6.05
7656.2496,6.23,24.1,10.19,55,5.24,245.1,193.9,-10.88,3.898,32.7167793,-117.214236,194.6,6.22
7657.2,5.98,23.8,10.1,52.8,5.29,243,194,-10.95,3.897,32.7167527,-117.2142525,194.6,6.23
7658.2368,6.19,22.6,10.42,50.9,5.34,241.1,194,-10.88,3.897,32.716727,-117.214268,193.7,6.17
7659.36,6.13,22.2,10.44,49.7,5.37,240,194,-11.08,3.897,32.7166993,-117.2142865,193.9,6.1
7660.3104,6.1,22.2,10.53,49.1,5.47,239.5,194.1,-11.28,3.898,32.7166732,-117.2143012,194.5,6.08
7661.3472,6.17,21.5,10.59,48,5.41,238.5,194.1,-11.29,3.898,32.7166453,-117.214317,193.5,5.98
7662.384,6,21,10.54,46.1,5.45,236.5,194.1,-11.33,3.897,32.7166193,-117.2143315,193.9,6.26
7663.4208,6.13,20.6,10.75,45.5,5.52,236,194.1,-11.62,3.897,32.7165937,-117.2143457,194.2,6.08
7664.4576,6.06,21,10.69,45.9,5.55,236.5,194.1,-11.53,3.898,32.7165683,-117.2143568,192.7,6.33
7665.408,6.06,21.4,10.77,46.3,5.65,236.9,194.2,-11.73,3.898,32.7165433,-117.2143688,193.2,6.18
7666.4448,5.81,22.4,10.55,47.3,5.71,237.9,194.2,-11.96,3.898,32.7165175,-117.2143827,194.7,6.03
7667.4816,6.12,22.6,10.75,48.9,5.69,239.7,194.1,-11.9,3.898,32.7164902,-117.214396,192.3,6.06
7668.5184,6.28,23.2,10.85,50.8,5.73,241.6,194,-12.19,3.897,32.7164655,-117.2144093,193,5.86
7669.5552,6.1,24.4,10.59,52.6,5.71,243.4,194,-12.77,3.897,32.7164368,-117.2144258,192.9,6.15
7670.592,6.12,24.6,10.52,53.4,5.65,244.2,193.9,-12.71,3.898,32.7164097,-117.2144375,191.5,6.06
7671.6288,5.71,25.7,10.11,54.1,5.64,244.6,193.9,-13.44,3.897,32.7163842,-117.2144537,193.2,6.36
7672.6656,6.23,24.3,10.53,53.9,5.58,244.7,193.8,-13.29,3.897,32.7163578,-117.214468,192.1,6.25
7673.7024,6.51,23.9,10.81,54,5.61,244.9,193.8,-13.58,3.897,32.7163308,-117.2144828,192.7,6.25
7674.6528,6.34,24.6,10.65,54.6,5.64,245.5,193.7,-13.58,3.897,32.7163018,-117.2144993,192.2,6.4
7675.776,6.25,25.1,10.52,55.4,5.63,246.3,193.6,-13.29,3.897,32.7162752,-117.2145145,191.5,6.35
7676.8128,6.6,24.6,10.79,55.9,5.61,246.9,193.7,-13.52,3.897,32.716247,-117.2145295,192,6.37
7677.7632,6.23,25.5,10.47,56.1,5.63,246.9,193.6,-13.51,3.897,32.7162172,-117.2145457,192.7,6.43
7678.8,6.37,25,10.62,55.7,5.63,246.6,193.5,-13.19,3.897,32.7161883,-117.2145593,191.9,6.4
7679.8368,6.93,23.6,11.21,54.7,5.67,245.8,193.4,-12.95,3.897,32.7161593,-117.2145747,192.2,6.18
7680.8736,6.51,24.4,10.74,55,5.59,246.1,193.4,-12.67,3.898,32.716131,-117.2145873,191.8,6.42
7681.9104,6.44,24.3,10.58,55.2,5.49,246.2,193.4,-12.35,3.898,32.7161007,-117.214604,192.3,6.66
7682.9472,6.39,23.9,10.47,54.7,5.38,245.7,193.2,-12.1,3.898,32.7160735,-117.2146177,192.6,6.38
7683.984,6.47,23.7,10.4,55.3,5.25,246.4,193,-11.74,3.897,32.7160455,-117.2146328,192,6.77
7685.0208,6.41,23.7,10.26,55.6,5.17,246.6,192.9,-11.41,3.897,32.7160165,-117.2146492,191.8,6.03
7685.9712,6.61,23.3,10.36,55.9,5.09,247.1,192.8,-11.22,3.897,32.7159892,-117.2146653,190.6,6.34
7687.008,6.4,24.3,10.1,57.3,5.09,248.4,192.8,-10.99,3.897,32.7159608,-117.2146795,191.1,6.35
7688.0448,6.45,24.1,10.06,57.7,5.01,248.8,192.7,-11.21,3.898,32.7159305,-117.2146942,190.4,6.4
7689.168,6.18,24.3,9.74,57.5,4.9,248.4,192.6,-11.06,3.897,32.7159043,-117.2147068,190.5,6.31
7690.1184,6.36,24,9.92,57.6,4.93,248.5,192.4,-11.03,3.898,32.7158773,-117.2147187,189.4,6.4
7691.1552,6.4,24.9,10.01,58.9,5.07,249.9,192.4,-11.39,3.897,32.7158508,-117.2147297,189,6.3
7692.192,6.4,25.4,10.13,59,5.22,249.9,192.3,-11.85,3.897,32.7158212,-117.2147433,189.3,6.38
7693.2288,6.37,24.4,10.25,56.4,5.24,247.2,192.1,-12.1,3.897,32.7157937,-117.2147565,189.3,6.31
7694.2656,6.31,23.4,10.3,54,5.23,244.7,192.2,-12.39,3.897,32.7157667,-117.2147698,191.8,6.31
7695.3024,6.35,22.1,10.33,51.7,5.12,242.4,192,-11.53,3.898,32.7157367,-117.2147833,190.7,6.3
7696.3392,6.19,22.1,10.29,50.7,5.19,241.3,192,-10.93,3.897,32.7157102,-117.2147938,190.6,6.13
7697.376,5.9,22.6,10.11,50,5.25,240.5,192,-10.67,3.897,32.715684,-117.2148053,191.3,6.53
7698.4128,6.12,22,10.35,49.4,5.27,240.1,191.9,-9.7,3.897,32.7156565,-117.214813,190.2,6.13
7699.4496,6.05,21.9,10.34,48.7,5.3,239.3,191.8,-9.6,3.897,32.715629,-117.2148227,190.1,6.03
7700.4,6.11,21.7,10.4,48.6,5.29,239.2,191.7,-9.43,3.897,32.7156,-117.2148368,190.2,6
7701.4368,5.68,22.5,9.96,48.7,5.25,239.1,191.7,-9.39,3.897,32.7155732,-117.2148478,190.4,5.9
7702.4736,6,21.6,10.28,48.1,5.25,238.5,191.7,-9.7,3.897,32.7155473,-117.2148605,190.8,5.47
7703.5104,5.7,21.7,9.99,47.4,5.21,237.7,191.7,-9.88,3.897,32.7155183,-117.2148783,189.8,5.73
7704.5472,5.72,23.6,10.05,50.5,5.39,240.7,191.7,-10.13,3.897,32.7154937,-117.2148903,189.7,5.54
7705.584,5.64,23.7,10.08,50,5.48,240.1,191.8,-10.63,3.897,32.7154668,-117.2148995,190.9,5.94
7706.5344,5.59,24.4,10.11,50.7,5.6,240.7,191.7,-10.62,3.897,32.7154435,-117.2149107,190,5.56
7707.6576,5.58,24.8,10.25,50.8,5.77,240.7,191.7,-11.02,3.897,32.715417,-117.2149235,189.9,5.57
7708.608,5.65,25.1,10.36,51.2,5.84,241.1,191.7,-11.41,3.897,32.7153938,-117.2149345,190.9,5.45
7709.6448,5.57,24.6,10.35,50,5.84,239.8,191.7,-11.38,3.897,32.7153695,-117.2149475,190.4,5.58
7710.6816,5.45,24,10.36,48.1,5.89,237.7,191.6,-11.65,3.897,32.7153458,-117.2149605,192.1,5.57
7711.7184,5.64,22.4,10.5,46.2,5.77,235.9,191.6,-11.53,3.897,32.7153227,-117.2149703,191.4,5.59
7712.7552,5.32,22,10.29,44.3,5.79,233.7,191.5,-10.94,3.897,32.7152973,-117.214981,191.2,5.57
7713.792,5.52,22,10.73,43.9,6.05,233.5,191.4,-10.72,3.897,32.7152737,-117.2149925,191,5.57
7714.7424,5.46,22.4,11,43.3,6.37,232.9,191.4,-10.75,3.897,32.715249,-117.2150108,191.1,5.5
7715.8656,5.5,23,11.31,43.6,6.67,233.2,191.2,-10.32,3.897,32.7152253,-117.2150223,188.1,5.46
7716.9024,5.51,23.7,11.55,44.2,6.94,233.6,191.1,-11.49,3.897,32.7152047,-117.2150318,189.3,5.54
7717.8528,5.51,24.5,11.56,45.6,7.02,234.8,190.8,-12.51,3.897,32.7151765,-117.2150447,187.3,5.57
7718.8896,5.59,24.3,11.59,45.8,6.98,234.7,190.6,-13.54,3.897,32.7151535,-117.2150532,184.5,5.59
7720.0128,5.6,23.8,11.69,45.1,7.05,233.6,190.7,-15.61,3.897,32.715127,-117.2150633,187,5.65
7720.9632,5.78,23.2,11.82,44.8,6.99,233.2,190.8,-16.57,3.897,32.7150992,-117.2150772,187.2,5.79
7722,6.02,22.9,12.05,44.9,7.01,233.3,190.9,-17.05,3.897,32.715075,-117.2150892,188.2,5.88
7723.0368,5.97,22.9,11.95,45.1,6.96,233.3,190.9,-17.58,3.897,32.7150493,-117.2151,189.4,6.12
7724.16,6.19,23,12.16,45.7,7,234,190.9,-17.08,3.897,32.7150212,-117.2151117,187.6,6.12
7725.1104,6.22,23.9,12.39,46.7,7.26,234.9,191.1,-17.52,3.897,32.7149947,-117.2151215,189.4,6.3
7726.1472,6.35,24.6,12.48,48.2,7.32,236.5,191.1,-17.74,3.898,32.714967,-117.2151333,188,6.32
7727.0976,6.36,25.1,12.55,49,7.42,237.2,191.2,-17.84,3.898,32.7149397,-117.2151442,188.1,6.49
7728.2208,6.49,25.7,12.62,50.3,7.44,238.6,191.4,-18.89,3.898,32.714909,-117.2151597,189.3,6.63
7729.2576,6.65,26,12.73,51.4,7.47,239.7,191.3,-18.31,3.898,32.7148805,-117.2151715,186.6,6.45
7730.2944,6.67,26.5,12.8,52.2,7.57,240.5,191.8,-19.13,3.898,32.7148522,-117.2151828,188.1,6.79
7731.2448,6.8,26.7,12.84,53.1,7.55,241.5,192.2,-19.22,3.898,32.714822,-117.215195,188.3,6.87
7732.368,7.05,26.3,13.05,53.1,7.53,241.6,193,-19.68,3.898,32.714789,-117.2152077,189.4,7.05
7733.3184,7.05,25.9,13.03,52.6,7.48,241.3,193.5,-19.56,3.898,32.7147597,-117.2152217,189.3,6.97
7734.3552,7.31,24.7,13.2,51.5,7.35,240.4,194.2,-20.29,3.898,32.7147303,-117.2152343,192,7.21
7735.392,7.26,24.2,13.01,51.2,7.16,240.2,194.4,-19.95,3.898,32.7146967,-117.2152498,191.8,7.21
7736.4288,7.3,23.3,13.1,49.6,7.12,238.8,194.9,-20,3.898,32.7146663,-117.2152648,193.2,7.36
7737.4656,7.27,22.9,13.01,49.1,7.03,238.5,195.2,-19.82,3.898,32.7146362,-117.2152783,194,7.43
7738.416,7.41,22.7,13.1,49.2,6.99,238.9,195.5,-19.26,3.898,32.7146047,-117.2152922,194,7.48
7739.5392,7.38,22.5,13.14,48.5,7.03,238.6,195.9,-18.95,3.898,32.7145662,-117.21531,194.7,7.35
7740.576,7.66,21.7,13.45,47.6,7.03,238.1,196.4,-18.92,3.898,32.714533,-117.215328,195.8,7.35
7741.5264,8.13,20.8,13.9,47.1,7.03,238.1,196.5,-18.23,3.898,32.714502,-117.2153445,195.7,7.45
7742.5632,7.05,22.6,12.91,47.5,7.06,238.4,196.7,-18.02,3.898,32.7144688,-117.2153642,195.9,7.36
7743.6,7.36,21.9,13.16,47.2,7,238.5,196.8,-17.73,3.898,32.7144387,-117.215383,195.6,7.51
7744.6368,7.34,22,13.13,47.3,6.98,238.8,197.1,-17.67,3.898,32.7144072,-117.2154013,195.8,7.31
7745.6736,7.26,22.1,13,47.5,6.94,239.3,197.6,-17.54,3.898,32.7143772,-117.2154207,196.2,7.28
7746.624,7.25,22,13.02,47.2,6.95,239.3,198.2,-18,3.898,32.7143477,-117.2154387,197.7,7.21
7747.6608,7.44,21.3,13.18,46.5,6.91,239.1,198.4,-17.62,3.898,32.7143165,-117.2154585,198,7.16
7748.784,7.12,21,12.95,45,6.89,237.8,198.9,-17.65,3.898,32.7142895,-117.2154782,199.2,7.11
7749.7344,7.03,20.9,12.86,44.5,6.86,237.6,199,-16.89,3.898,32.7142588,-117.215498,199.7,7.04
7750.7712,6.95,20.6,12.79,43.7,6.84,237.1,199.2,-16.18,3.898,32.7142323,-117.2155178,199.4,6.95
7751.808,6.64,21.1,12.54,43.7,6.87,237.3,199.4,-15.76,3.898,32.7142065,-117.2155388,200.2,6.9
7752.8448,7.05,20.4,12.95,43.4,6.88,237.5,199.5,-15.27,3.898,32.7141808,-117.2155618,200.3,6.85
7753.8816,6.77,20.8,12.76,43.1,6.95,237.3,199.6,-14.93,3.898,32.7141522,-117.2155823,199.8,6.75
7754.9184,6.66,20.9,12.77,42.7,7.04,237.1,199.7,-14.62,3.897,32.7141255,-117.2156,200,6.99
7755.9552,6.72,20.8,12.89,42.5,7.1,237.1,199.8,-15.01,3.897,32.7141003,-117.2156187,200.4,6.4
7756.992,6.54,20.9,12.78,42,7.15,236.8,199.9,-14.81,3.897,32.7140717,-117.2156383,200.5,6.52
7758.0288,6.67,20.3,12.96,41.3,7.17,236.2,200.1,-15.1,3.897,32.7140457,-117.2156573,199.6,6.28
7759.0656,6.42,20.2,12.83,40.3,7.24,235.3,200.2,-15.28,3.897,32.7140212,-117.2156767,200.4,6.43
7760.016,6.35,20.9,12.82,41,7.34,236.2,200.3,-15.22,3.897,32.7139973,-117.2156995,200.7,6.45
7761.0528,6.36,21.6,12.79,42.3,7.35,237.6,200.5,-15.36,3.897,32.7139753,-117.2157203,201,6.41
7762.0896,6.34,22.2,12.61,43.7,7.25,239.2,200.6,-15.21,3.897,32.7139482,-117.2157385,199.6,6.35
7763.1264,6.25,23.3,12.39,45.7,7.19,241.3,200.8,-15.27,3.897,32.7139257,-117.215754,200.5,6.25
7764.0768,6.28,23.8,12.33,46.8,7.15,242.6,200.9,-15.35,3.897,32.7139037,-117.2157705,200,6.2
7765.2,5.98,24.1,12.04,46.6,7.11,242.3,201.1,-15.26,3.897,32.7138792,-117.2157855,198.9,6.21
7766.2368,6.27,24.2,12.17,47.8,7.04,243.9,201.7,-15.49,3.897,32.7138552,-117.2158013,200,6.13
7767.2736,6.3,24.8,12.25,48.7,7.15,245.2,202.3,-15.71,3.897,32.7138318,-117.2158233,201.4,6.22
7768.224,6.32,25.8,12.28,50.4,7.24,247.1,202.5,-15.68,3.897,32.7138073,-117.2158425,201.6,6.05
7769.3472,6.1,26.6,12.12,50.9,7.31,247.7,202.8,-15.65,3.897,32.7137802,-117.2158655,202.8,6.13
7770.384,6.2,27.2,12.06,52.5,7.24,249.8,203.1,-15.63,3.897,32.7137545,-117.2158833,204,6.12
7771.3344,6.05,27,11.77,52.2,7.04,249.7,203.3,-14.96,3.897,32.7137275,-117.2159037,203.7,6.35
7772.4576,6.05,26.4,11.67,51.5,6.9,249.2,203.5,-13.99,3.897,32.7137035,-117.2159223,203.6,6.21
7773.408,5.85,27.2,11.45,52.3,6.89,250.3,203.7,-13.84,3.897,32.7136808,-117.2159428,204.2,5.95
7774.4448,6.03,28.3,11.4,55.1,6.82,253.5,203.9,-13.84,3.897,32.7136593,-117.2159612,203,6.17
7775.4816,5.63,30.2,11,56.8,6.86,255.3,204,-13.76,3.897,32.7136378,-117.215979,203.2,5.84
7776.432,5.86,29.6,11.07,57.2,6.74,256.1,204.2,-13.55,3.897,32.713612,-117.2160017,203.4,5.81
7777.5552,5.83,29.1,10.9,56.9,6.56,255.9,204.4,-13.56,3.897,32.7135888,-117.216017,203.6,5.83
7778.592,5.81,28.9,10.79,57,6.46,256.1,204.6,-13.81,3.897,32.7135643,-117.2160363,204,5.78
7779.6288,5.8,28.5,10.74,56.5,6.39,255.8,204.7,-13.89,3.897,32.713543,-117.2160558,204.3,5.73
7780.6656,5.7,28.6,10.7,56.2,6.42,255.6,204.9,-13.69,3.897,32.7135222,-117.2160773,204.9,5.65
7781.7024,5.71,28.3,10.73,55.5,6.41,255.2,205.1,-13.51,3.897,32.7135017,-117.2160975,205.2,5.65
7782.6528,5.63,27.6,10.79,53.8,6.46,253.6,205.2,-13.17,3.897,32.7134797,-117.2161175,205.2,5.61
7783.6896,5.57,25.6,10.79,50.2,6.34,250.1,205.3,-13.06,3.897,32.713457,-117.2161415,205.1,5.61
7784.7264,5.55,23.5,10.85,46.5,6.25,246.5,205.5,-13,3.897,32.7134372,-117.2161615,205.4,5.46
7785.7632,5.41,22.3,10.79,43.9,6.22,244.1,205.6,-12.66,3.897,32.7134167,-117.2161793,205.3,5.48
7786.8,5.42,20.9,10.76,41.7,6.09,242,205.9,-12.59,3.896,32.7133922,-117.2162018,207,5.38
7787.8368,5.33,20.6,10.69,40.9,6.07,241.4,206,-12.1,3.896,32.713372,-117.216223,206.8,5.31
7788.7872,5.23,20,10.63,39.4,6.06,240.1,206.1,-11.34,3.896,32.7133517,-117.2162415,206.2,5.27
7789.9104,5.19,19.2,10.66,37.9,6.07,238.6,206.2,-11.31,3.896,32.713332,-117.2162578,206.2,5.13
7790.9472,5.08,18.5,10.71,36.1,6.18,236.9,206.3,-11.09,3.896,32.7133102,-117.2162752,206,5.05
7791.984,5.01,17.8,10.73,34.5,6.21,235.4,206.4,-11.05,3.896,32.7132917,-117.2162925,205.4,4.95
7793.0208,4.99,16.9,10.72,32.8,6.17,233.9,206.5,-10.87,3.896,32.7132707,-117.2163108,206.7,4.91
7794.0576,4.87,16.1,10.62,31.2,6.15,232.4,206.6,-10.58,3.896,32.7132505,-117.2163248,206.5,4.9
7795.0944,4.8,15.8,10.53,30.5,6.1,231.9,206.7,-10.34,3.896,32.7132338,-117.2163373,207.1,4.8
7796.0448,4.7,15.6,10.39,30.2,6.05,231.5,206.7,-10.25,3.896,32.7132173,-117.2163513,206.9,4.68
7796.9952,4.71,15.5,10.4,30.1,6.05,231.5,206.7,-10.26,3.896,32.7131975,-117.2163725,206.4,4.6
7798.1184,4.63,15.5,10.28,29.9,6,231.3,206.6,-10.55,3.896,32.7131805,-117.216388,206.3,4.64
7799.1552,4.64,14.8,10.21,29,5.9,230.4,206.5,-10.56,3.896,32.713164,-117.216405,206.5,4.48
7800.192,4.42,14.8,10,28.7,5.89,229.9,206.5,-10.74,3.896,32.7131488,-117.2164165,206.5,4.46
7801.1424,4.41,14.7,9.97,28.6,5.87,229.9,206.4,-10.55,3.896,32.7131313,-117.216434,207.2,4.4
7802.2656,4.4,14.8,9.99,28.6,5.9,230,206.2,-10.18,3.896,32.7131143,-117.2164533,205.5,4.43
7803.216,4.41,14.6,10.02,28.2,5.91,229.7,206,-10.21,3.896,32.7130988,-117.2164652,205.5,4.38
7804.2528,4.1,15,9.73,28.3,5.92,229.5,205.7,-10.12,3.896,32.7130825,-117.2164797,204.6,4.44
7805.2896,4.37,14.2,9.93,27.5,5.85,228.9,205.5,-10.03,3.896,32.7130685,-117.216495,203.8,4.32
7806.3264,4.15,14.3,9.73,27.4,5.86,228.5,205.3,-10.2,3.896,32.7130522,-117.2165047,203.6,4.29
7807.3632,4.28,14.1,9.9,27.1,5.89,228.4,205.4,-10.2,3.896,32.713037,-117.2165177,201.9,4.25
7808.4,4.09,14.6,9.73,27.7,5.92,228.7,205.3,-10.41,3.896,32.7130202,-117.2165298,201.8,4.17
7809.4368,4.44,14.6,10.13,28.1,6,229.4,205.2,-10.68,3.896,32.713003,-117.2165455,199.2,4.31
7810.4736,4.32,15.3,10.05,29,6.05,230.2,205.2,-11.05,3.896,32.7129873,-117.2165622,199.9,4.6
7811.5104,4.37,15.4,10.14,29.3,6.1,230.4,205.3,-11.37,3.896,32.7129712,-117.2165805,200.7,4.33
7812.4608,4.17,15.8,10.06,29.5,6.22,230.4,205.3,-11.48,3.896,32.7129507,-117.2165925,201.9,4.35
7813.4976,4.28,15.9,10.19,29.8,6.25,230.8,205.4,-11.32,3.896,32.7129347,-117.2166052,201.9,4.42
7814.5344,4.33,16.3,10.22,30.5,6.25,231.6,205.3,-11.27,3.896,32.7129193,-117.2166185,202.9,4.3
7815.5712,4.28,16.5,10.2,30.6,6.28,231.7,205.3,-11.03,3.896,32.7129023,-117.2166363,202.2,4.34
7816.608,4.32,16.3,10.32,30.3,6.35,231.3,205.3,-11.14,3.896,32.7128865,-117.216651,202.3,4.26
7817.6448,4.29,16,10.29,29.8,6.34,230.7,205.3,-11.13,3.896,32.712868,-117.2166647,201.5,4.37
7818.6816,4.33,15.5,10.36,28.9,6.35,229.9,205.3,-11.39,3.896,32.7128505,-117.216677,200.7,4.62
7819.7184,4.36,15.4,10.41,28.8,6.37,229.8,205.3,-11.54,3.896,32.7128342,-117.2166892,203.2,4.34
7820.7552,4.4,15.2,10.46,28.5,6.38,229.5,205.3,-11.46,3.896,32.7128153,-117.2167037,203,4.22
7821.7056,4.11,15.4,10.17,28.5,6.36,229.1,205.3,-11.27,3.896,32.7127992,-117.2167202,202.6,4.43
7822.7424,4.44,14.8,10.43,28.2,6.31,229.1,205.3,-11.32,3.896,32.712781,-117.2167307,201.3,4.35
7823.7792,4.19,15.3,10.18,28.7,6.3,229.3,205.2,-11.57,3.896,32.7127672,-117.2167438,202,4.32
7824.816,4.35,15.2,10.33,28.7,6.3,229.5,205.4,-11.69,3.896,32.7127485,-117.2167552,203.1,4.4
7825.8528,4.42,15.5,10.46,29.1,6.37,230,205.3,-11.58,3.896,32.7127272,-117.2167685,202.2,4.36
7826.8032,4.4,15.6,10.43,29.4,6.37,230.1,205.3,-11.32,3.896,32.7127088,-117.216779,202.9,4.34
7827.84,4.34,15.4,10.43,28.8,6.42,229.6,205.4,-11.3,3.896,32.71269,-117.2167898,202.4,4.16
7828.9632,4.29,14.9,10.44,27.8,6.45,228.6,205.5,-11.23,3.896,32.7126733,-117.2168032,203,4.57
7829.9136,4.26,14.7,10.33,27.5,6.35,228.3,205.6,-10.83,3.896,32.7126572,-117.2168182,203.9,4.26
7830.9504,4.58,14.5,10.63,27.4,6.36,228.7,205.7,-10.39,3.896,32.7126398,-117.2168333,204,3.94
7831.9872,4.37,15,10.59,27.6,6.52,228.8,205.7,-10.13,3.896,32.7126227,-117.2168452,204.8,4.32
7833.024,4.03,15.7,10.4,28,6.66,228.9,205.8,-9.7,3.896,32.7126037,-117.2168613,204.3,3.83
7834.0608,4.15,15.8,10.56,27.9,6.7,229.3,205.9,-9.56,3.896,32.7125868,-117.216874,202.3,4.17
7835.0112,4.11,15.8,10.61,28,6.8,229.1,206.1,-9.95,3.896,32.7125685,-117.2168847,204.3,3.88
7836.1344,4,16.3,10.55,28.5,6.86,229.6,206.3,-9.95,3.896,32.7125535,-117.2168963,204.6,3.45
7837.1712,4.06,16.3,10.56,28.8,6.81,229.9,206.3,-9.66,3.896,32.7125375,-117.2169058,203.5,3.84
7838.1216,4.21,16.4,10.7,29,6.82,230.4,206.6,-9.86,3.896,32.712523,-117.216923,203.7,3.81
7839.1584,3.9,17.3,10.44,29.7,6.85,231,206.8,-10.24,3.896,32.7125103,-117.2169337,204.6,3.88
7840.1952,3.72,18,10.32,30.9,6.95,231.6,206.9,-10.01,3.896,32.7124958,-117.2169452,201.5,3.84
7841.232,3.78,17.7,10.4,30.6,6.96,231.4,207.3,-10.87,3.896,32.7124835,-117.2169608,204.4,3.83
7842.2688,3.79,17.4,10.4,30.2,6.95,231.1,207.4,-11.29,3.896,32.712469,-117.2169748,207.7,3.7
7843.3056,3.76,16.8,10.4,29.4,6.95,230.1,207.1,-11.02,3.896,32.7124572,-117.216987,205.5,3.94
7844.3424,3.82,17.1,10.45,29.9,6.96,230.6,207,-11.84,3.896,32.7124457,-117.2169973,207.1,3.8
7845.3792,3.83,17.4,10.39,30.7,6.91,231.3,206.3,-11.75,3.896,32.7124302,-117.217012,206,3.86
7846.416,3.61,17.6,10.16,31,6.89,231,205.9,-11.98,3.896,32.7124147,-117.2170262,204.6,3.7
7847.3664,3.76,17.2,10.35,30.4,6.93,230.6,205.6,-12.74,3.896,32.7123995,-117.2170408,206.2,3.72
7848.4032,3.95,17.1,10.49,30.7,6.89,230.9,204.9,-12.33,3.896,32.7123853,-117.2170542,203.2,3.99
7849.5264,4.02,17,10.55,30.6,6.89,230.8,204.6,-12.99,3.896,32.7123675,-117.2170703,204.8,3.98
7850.4768,4.03,16.9,10.55,30.5,6.87,230.6,204,-12.66,3.896,32.712353,-117.2170822,203,4.04
7851.5136,4.12,17.6,10.66,30.9,6.89,231.6,203.3,-12.61,3.896,32.7123373,-117.2170932,202,4.1
7852.5504,4.59,17.4,11.14,31.8,6.97,232.2,203,-13.23,3.896,32.7123213,-117.2171077,204,4.01
7853.5872,4.32,18.3,10.76,33,6.87,232.7,202.1,-12.57,3.896,32.7123028,-117.2171238,202.3,4.25
7854.624,4.28,19,10.63,34.2,6.82,233.5,201.7,-12.7,3.896,32.7122865,-117.2171388,202.2,4.22
7855.6608,4.44,19.9,10.67,35.1,6.81,235.1,200.7,-12.48,3.896,32.712269,-117.2171542,201,4.38
7856.6976,4.55,20.5,10.7,36.5,6.72,236.1,200.2,-12.14,3.896,32.7122527,-117.2171698,197.3,4.33
7857.648,4.43,21,10.61,37.9,6.75,236.3,200.1,-11.95,3.896,32.7122338,-117.2171815,190.5,4.87
7858.6848,4.85,20.3,11.01,37.6,6.77,236.2,201.6,-11.78,3.896,32.7122107,-117.2171907,186.7,4.93
7859.7216,5.03,20.2,11.16,37.8,6.75,236.6,202.7,-11.63,3.896,32.7121877,-117.2171977,184.6,5.26
7860.7584,5.26,19.8,11.34,37.6,6.71,237,205.8,-11.8,3.896,32.7121648,-117.2172052,186.1,5.66
7861.7088,5.13,17.5,11.11,35.3,6.5,235.9,212,-11.8,3.896,32.7121407,-117.2172152,189.7,5.31
7862.7456,5.48,15.6,11.47,31,6.42,235.8,214.8,-11.8,3.896,32.7121165,-117.2172247,192.3,5.51
7863.7824,5.31,11.3,11.19,23.1,6.11,235.1,222,-11.51,3.896,32.712094,-117.2172372,198.4,5.28
7864.9056,5.28,9.8,11.13,20.3,6.02,234.8,224.7,-11.1,3.896,32.7120708,-117.2172517,201.9,5.3
7865.856,5.57,6.6,11.28,14.5,5.8,234.7,230.1,-10.27,3.895,32.7120502,-117.2172685,205.9,5.21
7866.8928,4.96,4.4,10.64,9.8,5.72,235.6,235.7,-9.03,3.894,32.7120335,-117.2172835,212.5,5.05
7867.9296,5.08,1.8,10.67,4.8,5.6,237.2,241.8,-7.81,3.894,32.7120162,-117.2173018,215.6,4.86
7868.9664,4.75,-1.1,10.21,1.2,5.51,240.4,250.3,-6.28,3.893,32.712001,-117.2173212,221.7,4.83
7870.0032,4.8,-2.1,10.2,-3.1,5.4,241.2,252.9,-5.88,3.893,32.7119867,-117.217343,226.1,4.55
7871.04,4.58,-4.3,9.88,-6,5.33,245.2,260.9,-4.65,3.893,32.711978,-117.2173638,232.2,4.27
7872.0768,4.24,-5.2,9.5,-8.8,5.29,246.5,263.5,-4.06,3.893,32.711971,-117.2173837,234.9,4.25
7873.1136,4.16,-7.1,9.23,-12.5,5.12,248.2,268.3,-3.59,3.895,32.7119642,-117.217407,240.9,4.01
7874.1504,3.94,-8.9,8.79,-15.8,4.93,249.4,272.6,-3.57,3.897,32.7119602,-117.2174263,247.2,3.92
7875.1008,3.9,-11.1,8.6,-20.1,4.84,249.5,276.4,-2.92,3.897,32.7119598,-117.2174477,252.9,3.94
7876.1376,3.74,-14.5,8.04,-25.2,4.65,248.6,281.6,-1.78,3.897,32.7119615,-117.217467,265.1,3.49
7877.1744,3.62,-15.7,7.8,-29.3,4.44,248.2,282.9,-0.96,3.897,32.7119677,-117.217487,270.1,3.63
7878.2112,3.8,-17.2,7.71,-33.8,4.26,246.9,285.4,0.55,3.897,32.7119735,-117.2175092,274.9,4.05
7879.248,3.93,-18.8,7.61,-38.1,4.12,245.3,287.5,1.02,3.897,32.7119798,-117.2175302,277,3.98
7880.2848,4.04,-19.6,7.61,-40.4,4.07,244.9,289.4,1.36,3.897,32.7119872,-117.2175483,279.4,4.14
7881.3216,4.16,-20.5,7.62,-42.9,4.02,244.1,291,1.29,3.897,32.711997,-117.2175747,281.9,4.22
7882.3584,4.27,-20.5,7.68,-43.8,4,244.9,292.7,1.62,3.897,32.7120058,-117.2175952,281.6,4.37
7883.3088,4.9,-20.2,8.19,-46.3,4,244.4,295.2,1.68,3.897,32.7120153,-117.2176195,282.1,4.57
7884.3456,4.51,-23.1,7.68,-50.8,3.99,242.5,297.9,1.68,3.897,32.7120255,-117.2176408,289.7,4.48
7885.3824,4.49,-24.4,7.61,-53.4,4.02,242,299.3,1.68,3.897,32.7120363,-117.217662,293.2,4.55
7886.4192,4.6,-25.6,7.58,-56.9,4.02,240.6,301.4,2.07,3.897,32.7120512,-117.2176835,297.8,4.61
7887.456,4.68,-27.9,7.74,-60.2,4.27,238.5,302.2,2.53,3.897,32.7120638,-117.2177033,298.4,4.68
7888.4928,4.75,-29.9,7.83,-63.4,4.46,236.3,302.8,3.1,3.897,32.7120783,-117.2177248,298.2,4.8
7889.4432,4.85,-30.9,7.87,-65.7,4.52,234.7,303.3,2.65,3.897,32.7120905,-117.2177427,298.2,4.88
7890.48,4.94,-30.3,7.9,-65.6,4.46,235.5,303.7,2.75,3.897,32.712105,-117.2177665,296,4.95
7891.5168,4.96,-30.4,7.88,-66.1,4.43,235.7,304.8,2.33,3.896,32.7121168,-117.217787,296.8,4.98
7892.5536,5.03,-30.4,7.82,-67.4,4.36,235.3,306.1,1.65,3.896,32.7121303,-117.2178078,297.6,5.02
7893.5904,5.08,-31.3,7.75,-69.8,4.36,233.9,307.3,1.55,3.896,32.7121485,-117.217831,298.9,5.01
7894.5408,5.02,-33.6,7.45,-74.6,4.33,230.4,309,1.06,3.896,32.712163,-117.2178497,303.7,5.05
7895.664,5.08,-35.5,7.31,-79,4.38,227,309.8,0.83,3.896,32.712184,-117.2178737,306.9,5.02
7896.6144,5.04,-36.6,7.14,-81.3,4.36,225.6,310.3,1.22,3.896,32.7122022,-117.2178907,307.3,4.86
7897.6512,5.11,-36.8,7.15,-82.4,4.37,225.1,310.5,1.43,3.896,32.7122207,-117.2179075,308.4,5.11
7898.6016,5.1,-37.3,7.09,-83.4,4.37,224.6,310.6,1.36,3.896,32.7122377,-117.2179255,308.3,5.1
7899.7248,5.1,-38.1,7.04,-84.8,4.4,223.7,310.8,1.44,3.896,32.7122545,-117.2179442,308.7,5.12
7900.7616,5.12,-37.9,7.06,-84.6,4.4,224.2,311,1.26,3.896,32.712274,-117.217964,308.6,5.13
7901.7984,5.09,-37.9,7.06,-84.2,4.4,224.9,311.2,1.08,3.896,32.7122902,-117.2179803,308.9,5.09
7902.7488,5.07,-37.9,7.08,-83.6,4.42,225.7,311.3,1,3.896,32.7123123,-117.2180025,309,5.07
7903.872,5.02,-38.6,7,-84.6,4.43,225,311.4,0.84,3.896,32.7123295,-117.2180193,310.2,5.02
7904.8224,5.02,-38.9,6.99,-85,4.45,224.8,311.4,0.72,3.895,32.7123498,-117.2180395,309.1,5.01
7905.9456,5,-38.8,7.02,-84.3,4.46,225.7,311.5,0.9,3.895,32.7123677,-117.2180593,309.6,4.99
7906.896,4.96,-38.5,7.03,-83.3,4.45,226.9,311.6,0.62,3.895,32.7123875,-117.2180787,310,4.94
7908.0192,5.01,-38.7,7.08,-83.8,4.49,226.6,311.7,0.55,3.895,32.7124052,-117.2180942,309.9,4.98
7908.9696,4.92,-39.5,7.04,-83.9,4.54,226.6,311.8,0.65,3.896,32.7124268,-117.2181155,310.8,4.87
7910.0064,4.86,-39.7,7.08,-83,4.59,227.7,311.9,0.63,3.895,32.7124453,-117.2181327,309.3,4.9
7911.0432,4.86,-40,7.15,-82.8,4.67,228,311.9,0.56,3.895,32.7124645,-117.2181483,309.7,4.87
7912.08,4.87,-40.5,7.25,-82.6,4.78,228.4,311.9,0.46,3.895,32.7124805,-117.2181623,309.4,4.85
7913.1168,4.84,-41.7,7.27,-83.5,4.91,227.5,311.9,0.44,3.895,32.7124978,-117.2181812,308.5,4.52
7914.0672,4.85,-42.3,7.32,-83.9,4.99,227.2,312,0.75,3.895,32.7125122,-117.2181972,305.8,4.8
7915.104,4.78,-44.1,7.25,-85.6,5.1,225.7,312.4,0.77,3.895,32.7125292,-117.218214,306.4,4.82
7916.1408,4.75,-45.3,7.19,-87,5.16,224.5,313,0.5,3.895,32.7125487,-117.2182347,307.2,4.73
7917.1776,4.73,-46.3,7.18,-87.9,5.23,223.9,313.6,0.65,3.895,32.7125638,-117.2182508,306.5,4.69
7918.128,4.72,-47,7.19,-88.4,5.3,223.7,314.2,0.24,3.895,32.7125825,-117.2182703,308.6,4.65
7919.1648,4.7,-46.7,7.19,-87.9,5.28,224.5,314.7,0.14,3.895,32.7126005,-117.218291,310.1,4.62
7920.2016,4.61,-47.1,7.08,-88.1,5.22,224.6,314.9,-0.25,3.895,32.7126167,-117.2183067,311.7,4.56
7921.2384,4.57,-46.7,7.06,-87.4,5.18,225.6,315,-0.42,3.895,32.7126365,-117.2183228,312.2,4.55
7922.2752,4.53,-46.7,7.07,-86.8,5.19,226.4,315.1,-0.27,3.895,32.7126533,-117.2183365,310.5,4.5
7923.312,4.47,-46.9,7.12,-86,5.24,227.4,315.3,-0.76,3.895,32.7126733,-117.2183533,313.5,4.48
7924.3488,4.48,-46.5,7.25,-84.8,5.31,228.8,315.2,-0.8,3.894,32.71269,-117.2183663,315.1,4.43
7925.3856,4.42,-46.5,7.36,-83.4,5.4,230.4,315.2,-0.47,3.894,32.7127072,-117.2183803,313.8,4.27
7926.336,4.33,-46.6,7.44,-82.2,5.49,231.7,315,-0.42,3.894,32.7127252,-117.2183933,314.2,4.33
7927.3728,4.34,-46.2,7.54,-81.2,5.54,232.8,314.7,-0.2,3.894,32.7127435,-117.218408,313.2,4.31
7928.4096,4.31,-45.1,7.58,-79.5,5.49,234.6,314.5,-0.36,3.894,32.7127602,-117.218422,313.2,4.26
7929.36,4.27,-44.8,7.56,-78.7,5.46,235.4,314.1,0.01,3.894,32.7127747,-117.2184363,310,4.27
7930.4832,4.23,-44.6,7.58,-78,5.47,236.1,313.9,-0.23,3.894,32.7127892,-117.218449,310.2,4.24
7931.4336,4.21,-44.5,7.53,-78,5.42,236.2,313.9,-0.3,3.894,32.7128052,-117.2184642,309,4.19
7932.5568,4.16,-44.8,7.41,-78.6,5.36,235.6,313.8,-0.28,3.894,32.7128203,-117.2184788,308.3,4.17
7933.5072,4.14,-45,7.39,-78.7,5.36,235.5,313.8,-0.58,3.894,32.7128377,-117.2184937,309.7,4.08
7934.544,4.09,-45,7.24,-79.1,5.25,235.2,313.8,-0.33,3.894,32.7128502,-117.2185058,309.3,4.09
7935.4944,4.05,-44.7,7.26,-78.1,5.25,236.2,313.7,-0.26,3.894,32.7128657,-117.2185218,307.5,4.04
7936.6176,4.05,-44.1,7.36,-76.9,5.3,237.4,313.8,-0.6,3.894,32.7128815,-117.2185372,308.5,3.83
7937.6544,3.99,-45.1,7.43,-77,5.44,237.3,313.8,-0.65,3.894,32.7128945,-117.2185495,309.3,4.01
7938.6912,4,-46.4,7.61,-77.7,5.68,236.7,313.9,-0.55,3.894,32.7129102,-117.2185643,309.3,3.98
7939.6416,3.98,-47.3,7.77,-77.8,5.88,236.6,313.8,-0.41,3.894,32.7129265,-117.2185793,310.8,3.98
7940.7648,3.92,-48.9,7.86,-78.7,6.08,235.8,313.8,-0.06,3.894,32.7129385,-117.2185912,311.6,3.94
7941.8016,3.96,-48,7.96,-77.6,6.11,236.9,313.8,0.24,3.894,32.7129567,-117.2186047,312.1,3.97
7942.752,3.95,-47.6,7.95,-77.1,6.07,237.5,313.8,0.58,3.894,32.7129697,-117.2186183,311.4,3.91
7943.7888,3.96,-47.5,8.03,-76.8,6.14,237.9,313.8,0.61,3.894,32.712986,-117.2186338,311.6,3.94
7944.8256,3.92,-47.8,8.12,-76.4,6.25,238.3,313.8,0.71,3.894,32.7130023,-117.2186478,310.7,3.96
7945.8624,3.96,-47.9,8.25,-76.3,6.36,238.4,313.8,0.55,3.894,32.7130165,-117.2186607,311.7,3.92
7946.8992,3.92,-47.9,8.3,-75.8,6.42,239,313.8,0.59,3.894,32.7130303,-117.2186725,311.6,3.95
7947.936,3.98,-48,8.36,-76.2,6.46,238.6,313.9,0.47,3.894,32.7130463,-117.2186868,311.7,3.94
7948.9728,3.97,-48.7,8.27,-77.3,6.43,237.5,313.8,0.34,3.894,32.71306,-117.2186987,312.4,3.96
7950.0096,3.92,-49.1,8.2,-77.6,6.4,237.3,313.9,0.67,3.893,32.7130755,-117.2187122,311.1,3.91
7951.0464,3.94,-48.6,8.19,-77.2,6.36,237.6,313.9,0.43,3.894,32.713092,-117.218726,312,3.94
7951.9968,4.02,-48.5,8.24,-77.5,6.37,237.3,313.9,0.45,3.893,32.7131073,-117.2187387,311.2,3.97
7953.0336,3.93,-48.8,8.18,-77.4,6.37,237.5,313.9,0.36,3.894,32.7131228,-117.218754,311,3.96
7953.984,3.92,-49.5,8.13,-78.2,6.36,236.6,313.9,0.24,3.894,32.7131367,-117.2187668,310.5,3.91
7955.1072,4.05,-49.4,8.13,-79.2,6.34,235.5,313.9,0.08,3.894,32.713151,-117.218781,309.7,3.95
7956.144,3.92,-50.4,8.01,-79.7,6.31,235.1,313.9,-0.24,3.894,32.713166,-117.2187952,310.7,3.93
7957.1808,3.92,-49.9,8.03,-79,6.3,235.8,313.9,-0.35,3.894,32.7131808,-117.2188087,310.9,3.93
7958.2176,3.89,-49.8,8.02,-78.7,6.29,236.1,313.9,-0.45,3.894,32.7131953,-117.2188213,310.8,3.85
7959.2544,3.85,-50,7.94,-78.9,6.25,235.9,314,-0.3,3.894,32.7132102,-117.2188358,309.6,3.83
7960.2912,3.85,-49.7,7.94,-78.5,6.22,236.3,314.1,-0.5,3.894,32.713226,-117.2188498,311,3.85
7961.2416,3.84,-49.4,7.91,-78.3,6.18,236.5,314.3,-0.5,3.894,32.7132408,-117.2188627,311.9,3.84
7962.2784,3.83,-49.8,7.8,-79.1,6.11,235.8,314.5,-0.33,3.894,32.713257,-117.2188757,312,3.83
7963.3152,3.8,-49.9,7.59,-80,5.94,234.9,314.6,-0.16,3.893,32.7132695,-117.2188862,312.5,3.83
7964.352,3.81,-48.8,7.48,-79.4,5.77,235.6,314.7,-0.04,3.894,32.7132832,-117.2188972,312.1,3.81
7965.3888,3.83,-49.4,7.41,-80.5,5.74,234.5,314.8,0.02,3.893,32.7132978,-117.2189108,311.9,3.79
7966.4256,3.8,-49.7,7.3,-81.2,5.68,233.9,315,-0.15,3.894,32.7133115,-117.2189218,313.6,3.83
7967.376,3.86,-49.9,7.36,-81.6,5.73,233.5,315.1,0.03,3.893,32.7133253,-117.2189338,313.5,3.83
7968.4992,3.76,-51.7,7.35,-82.7,5.86,232.5,315.4,-0.06,3.893,32.7133397,-117.218945,313.4,3.75
7969.536,3.77,-52.5,7.31,-83.9,5.87,231.4,315.5,-0.07,3.893,32.7133513,-117.2189553,313.1,3.78
7970.5728,3.76,-53,7.25,-84.7,5.85,230.7,315.7,-0.2,3.894,32.7133652,-117.218968,314.1,3.78
7971.5232,3.73,-54,7.11,-86,5.8,229.4,315.9,-0.07,3.894,32.7133783,-117.2189783,311.9,3.72
7972.6464,3.81,-53.9,7.05,-87.1,5.74,228.4,316,-0.59,3.893,32.713394,-117.2189927,313.6,3.74
7973.6832,3.72,-54.5,6.91,-87.5,5.66,228.1,316.3,-0.56,3.893,32.7134082,-117.2190047,314,3.71
7974.6336,3.72,-54.7,6.76,-88.5,5.55,227.2,316.5,-0.68,3.893,32.7134218,-117.219015,315.2,3.72
7975.6704,3.73,-55.2,6.62,-90,5.46,225.8,316.7,-0.53,3.893,32.7134378,-117.2190283,314.4,3.7
7976.6208,3.71,-56.4,6.45,-91.9,5.4,224,316.8,-0.51,3.893,32.7134538,-117.219041,315.2,3.69
7977.744,3.7,-56.1,6.41,-91.8,5.35,224.3,316.9,-0.65,3.893,32.7134672,-117.2190523,316.2,3.7
7978.7808,3.7,-55.7,6.38,-91.6,5.3,224.6,317,-0.37,3.893,32.713481,-117.2190623,315.7,3.68
7979.8176,3.67,-55.5,6.35,-91.3,5.27,225.1,317.3,-0.34,3.893,32.7134978,-117.2190732,315.5,3.69
7980.768,3.65,-55.3,6.4,-90.6,5.29,225.9,317.4,-0.44,3.893,32.7135148,-117.2190865,316.1,3.67
7981.8912,3.69,-53.4,6.4,-89.1,5.17,227.5,317.6,-0.49,3.893,32.7135288,-117.2190978,316.6,3.69
7982.8416,3.69,-52.3,6.4,-88,5.1,228.8,317.7,-0.43,3.893,32.7135455,-117.2191108,316,3.66
7983.8784,3.69,-50.9,6.39,-86.5,5,230.4,318.2,-0.55,3.893,32.7135597,-117.2191215,315.9,3.67
7984.9152,3.65,-50.4,6.37,-85.7,4.96,231.4,318.5,-0.77,3.893,32.7135728,-117.2191312,317.4,3.62
7985.952,3.53,-50.8,6.3,-85.2,4.93,232.2,318.7,-0.75,3.893,32.7135882,-117.2191418,318.3,3.55
7986.9888,3.59,-49.5,6.37,-84.1,4.9,233.4,318.8,-0.55,3.893,32.7136027,-117.2191532,318.2,3.61
7988.0256,3.6,-49,6.35,-83.8,4.86,233.9,318.9,-0.72,3.893,32.7136162,-117.2191617,319.1,3.61
7988.976,3.58,-48.6,6.24,-83.8,4.75,234,319,-0.7,3.893,32.713633,-117.2191725,319,3.46
7990.0128,3.54,-49.1,6.18,-84.4,4.73,233.6,319.1,-0.58,3.893,32.7136457,-117.2191825,318.8,3.58
7991.0496,3.65,-49.1,6.31,-84.7,4.82,233.4,319.2,-0.62,3.893,32.713662,-117.2191918,319.7,3.61
7992.0864,3.55,-50.8,6.3,-85.4,4.93,232.9,319.3,-0.52,3.893,32.7136745,-117.2192015,317,3.55
7993.1232,3.55,-51.8,6.39,-85.7,5,232.5,319.4,-0.74,3.893,32.7136898,-117.219213,318.6,3.57
7994.16,3.54,-52.4,6.42,-86,5.1,232.3,319.5,-0.35,3.893,32.7137035,-117.2192223,317.3,3.54
7995.1104,3.55,-53.6,6.43,-87.5,5.21,231.2,319.5,-0.44,3.893,32.7137172,-117.2192332,317.6,3.55
7996.2336,3.58,-54.8,6.47,-88.9,5.32,229.9,319.6,-0.32,3.893,32.71373,-117.219242,316.1,3.54
7997.184,3.51,-56.6,6.49,-89.8,5.45,229.1,319.7,-0.56,3.893,32.7137447,-117.2192527,317.1,3.61
7998.2208,3.51,-57.6,6.52,-90.3,5.48,228.4,319.8,-0.53,3.893,32.7137573,-117.2192632,315.6,3.54
7999.2576,3.53,-58.3,6.58,-91.2,5.63,227.9,320,-0.88,3.893,32.7137728,-117.2192748,315.8,3.5
8000.2944,3.51,-59.5,6.56,-92.3,5.68,226.9,320.1,-0.8,3.893,32.7137857,-117.2192845,316.3,3.51
8001.3312,3.48,-60.7,6.51,-93.4,5.71,225.9,320.2,-0.92,3.893,32.7137988,-117.2192952,317,3.5
8002.368,3.46,-61.4,6.51,-93.7,5.74,225.5,320.2,-0.92,3.893,32.7138125,-117.219305,316.4,3.48
8003.4048,3.38,-62.6,6.48,-94.4,5.79,225.1,320.3,-0.79,3.893,32.7138263,-117.2193157,316.6,3.47
8004.4416,3.46,-62.3,6.53,-94.7,5.82,224.9,320.3,-0.95,3.893,32.713841,-117.2193265,316.8,3.46
8005.4784,3.5,-62.3,6.48,-95,5.8,224.5,320.4,-0.9,3.893,32.7138533,-117.219337,316.3,3.47
8006.4288,3.45,-62.7,6.49,-95.3,5.79,224.7,320.5,-0.85,3.893,32.7138683,-117.2193473,316.6,3.42
8007.552,3.44,-62.5,6.5,-94.7,5.8,225.2,320.6,-0.94,3.893,32.7138845,-117.2193605,315.8,3.42
8008.5024,3.43,-62.7,6.51,-94.8,5.82,225.2,320.6,-1.04,3.893,32.713897,-117.2193697,316.8,3.43
8009.5392,3.44,-62.4,6.53,-94.5,5.83,225.5,320.7,-0.99,3.893,32.7139133,-117.2193798,316.2,3.43
8010.576,3.38,-62.7,6.5,-94.3,5.85,225.8,320.8,-1.34,3.892,32.7139253,-117.2193887,317,3.38
8011.6128,3.37,-62.7,6.43,-94.5,5.75,225.6,320.8,-1.29,3.892,32.7139402,-117.2193987,317.7,3.35
8012.5632,3.35,-63.4,6.37,-95.4,5.74,224.9,320.8,-0.98,3.892,32.7139522,-117.219407,315.8,3.33
8013.6,3.34,-63.9,6.23,-96.3,5.68,223.9,320.8,-1.3,3.893,32.7139665,-117.2194162,316.8,3.33
8014.6368,3.33,-64.3,6.22,-96.8,5.66,223.5,320.9,-1.33,3.892,32.7139818,-117.2194273,317.6,3.33
8015.5872,3.35,-63.9,6.25,-96.5,5.66,223.9,320.9,-1.37,3.892,32.7139955,-117.219438,317.4,3.32
8016.7104,3.29,-64.6,6.21,-96.7,5.67,223.8,321,-1.15,3.892,32.7140057,-117.2194457,317,3.31
8017.7472,3.14,-65.5,6.11,-96.5,5.61,224,321,-1.53,3.892,32.7140237,-117.2194575,318.5,3.26
8018.6976,3.24,-65,6.08,-97.2,5.57,223.4,320.9,-1.53,3.892,32.714037,-117.2194655,323.1,3.04
8019.7344,3.17,-66,5.94,-98.2,5.49,222.4,320.3,-1.53,3.892,32.7140498,-117.219473,324.8,3.14
8020.7712,3.21,-65.2,5.88,-98.1,5.4,222.4,319.2,-2.41,3.892,32.7140668,-117.2194805,334.2,3.56
8021.808,3.43,-63.5,5.84,-99.2,5.3,220.9,316.6,-2.39,3.892,32.7140833,-117.2194848,336.8,3.43
8022.8448,3.49,-62.4,5.82,-98.9,5.23,220.1,313.6,-2.43,3.892,32.7140988,-117.2194893,338.3,3.52
8023.7952,3.47,-60.9,5.84,-97.1,5.14,219.1,309.7,-1.84,3.892,32.7141155,-117.2194932,338,3.51
8024.832,3.58,-57.3,6.01,-93.9,5.08,218.7,305.5,-1.41,3.892,32.7141323,-117.2194963,332.9,3.56
8025.8688,3.54,-54,6.15,-89.3,4.98,218.5,300.6,-0.91,3.892,32.7141458,-117.2195008,329.1,3.6
8026.9056,3.58,-50.8,6.3,-85.5,4.91,218.1,296.2,-0.79,3.892,32.7141622,-117.219508,323.5,3.63
8027.856,3.63,-47.7,6.41,-82.1,4.8,217.4,292.4,-0.28,3.892,32.714177,-117.2195168,318,4.17
8028.8928,3.47,-46.1,6.43,-78.2,4.75,217,287.7,-0.15,3.892,32.7141923,-117.2195272,313.8,3.6
8029.9296,3.58,-42.1,6.66,-73.4,4.68,216.8,282.6,-0.26,3.892,32.7142058,-117.2195398,312.2,3.36
8030.9664,3.79,-38.4,6.93,-69.3,4.62,216.4,278.4,-0.17,3.892,32.7142162,-117.2195513,304.7,3.7
8031.9168,3.74,-35.3,7.05,-63.9,4.56,216.8,273.4,-0.41,3.892,32.7142272,-117.2195665,300,3.69
8033.04,3.66,-32.9,7.09,-59.3,4.48,217,268.9,-0.46,3.891,32.7142383,-117.2195838,294.4,3.6
8034.0768,3.61,-30.4,7.15,-54.9,4.43,216.9,264.5,-0.54,3.891,32.7142458,-117.2195983,290.2,3.62
8035.1136,3.61,-27.8,7.23,-50.6,4.38,216.8,260.1,-0.65,3.891,32.714253,-117.2196138,286,3.55
8036.064,3.58,-24.7,7.29,-45.2,4.3,217.4,255.8,-0.99,3.891,32.7142617,-117.2196357,281.1,3.42
8037.1008,3.71,-21.4,7.46,-40,4.23,218.5,251.5,-1.08,3.891,32.7142677,-117.219655,277.4,3.57
8038.1376,3.47,-18.6,7.35,-33.7,4.21,219.8,246.6,-1.32,3.891,32.7142723,-117.2196733,272.7,3.3
8039.1744,3.36,-16.2,7.37,-28.6,4.24,220.5,242.4,-1.62,3.891,32.7142753,-117.219693,267.9,3.4
8040.2112,3.53,-13.2,7.67,-23.5,4.3,221.4,238.7,-2.17,3.891,32.7142758,-117.2197072,262.9,3.42
8041.248,3.32,-10.8,7.51,-18.4,4.29,222.3,234.6,-2.57,3.891,32.7142762,-117.2197238,259.5,3.29
8042.2848,3.43,-7.7,7.64,-13.2,4.26,223.2,230.5,-2.9,3.891,32.7142758,-117.2197432,258.9,3.36
8043.3216,3.25,-5.1,7.44,-8.3,4.21,224,226.6,-2.87,3.891,32.7142733,-117.2197615,251.9,3.24
8044.3584,2.62,-3.5,6.82,-4.3,4.2,224,223.4,-2.93,3.891,32.714271,-117.2197768,248.4,3.07
8045.3952,3.08,-1.1,7.32,-0.8,4.24,224.3,220,-3.4,3.891,32.7142667,-117.2197973,245.8,3.17
8046.432,3.11,0.5,7.29,2.2,4.18,223.8,216.7,-3.46,3.891,32.7142618,-117.2198145,242.3,2.97
8047.3824,2.91,2.5,7.06,5.7,4.16,223.6,213.3,-3.46,3.891,32.7142588,-117.2198308,238.8,2.83
8048.4192,2.81,4.3,6.94,8.8,4.15,223.5,210.5,-3.6,3.891,32.7142543,-117.2198452,236.5,2.79
8049.456,2.76,6.3,6.92,12,4.2,223.4,207.5,-3.86,3.891,32.7142495,-117.2198587,234,2.78
8050.4928,2.67,7.4,6.79,13.9,4.17,222.2,204.5,-3.81,3.891,32.7142447,-117.2198715,229.4,2.66
8051.5296,2.59,8,6.68,15,4.14,220.3,201.9,-3.74,3.891,32.7142387,-117.219884,224.8,2.64
8052.5664,2.55,7.9,6.68,14.7,4.18,217.4,199.4,-3.86,3.891,32.7142327,-117.2198937,221,2.47
8053.5168,2.35,9.5,6.49,17.3,4.21,216.6,196.9,-4.29,3.89,32.7142245,-117.2199022,217.2,2.43
8054.5536,2.08,11.3,6.16,20.5,4.17,215.9,194.4,-4.84,3.89,32.7142145,-117.2199097,215.4,2.29
8055.5904,2.28,12.4,6.27,22.9,4.11,215.6,192.1,-5.02,3.889,32.7142065,-117.2199212,211.3,2.31
8056.6272,2.35,14.1,6.46,25.5,4.25,215.5,189.7,-5.63,3.889,32.7141957,-117.2199292,207.6,2.66
8057.664,2.5,15.8,6.62,28.4,4.31,216.5,187.6,-6.1,3.889,32.7141875,-117.2199387,207.1,2.45
8058.7008,2.38,18.4,6.43,32.4,4.29,217.5,185.1,-5.99,3.889,32.7141795,-117.2199443,203.7,2.44
8059.6512,2.34,20.6,6.37,35.7,4.32,218.4,183,-6.03,3.889,32.7141698,-117.2199512,198.3,2.61
8060.7744,2.94,22.1,6.96,39.5,4.43,221.2,181,-6.36,3.889,32.7141605,-117.2199565,196.2,2.47
8061.7248,2.68,26.5,6.74,45.1,4.57,224.2,178.8,-6.36,3.889,32.7141488,-117.2199612,191.2,2.58